,tweet_id,screen_name,text,timestamp,conversation_id
0,1349843764408414213,nytimes,"The National Guard troops deployed for the inauguration will be armed. But history has shown that such events never go well, senior Defense Department officials said on Wednesday, citing Kent State in 1970, Tiananmen Square in 1989 and Tehran in 2009. https://t.co/rNVc31eHDB",2021-01-14 22:20:06,1349843764408414213
1,1349841047636107265,nytimes,"Breaking News: President-elect Joe Biden will propose a $1.9 trillion package to fight the economic downturn, including higher jobless benefits and $1,400 stimulus checks to top up the $600 checks from December. https://t.co/IOcGviEnWz",2021-01-14 22:09:19,1349841047636107265
2,1349838775967490049,nytimes,Cheesy chicken parmesan meatballs deliver an equally comforting and satisfying meal as chicken Parmesan without the fuss of breading and frying chicken. https://t.co/OFxShS6Y7T,2021-01-14 22:00:17,1349838775967490049
3,1349836210127167496,nytimes,"Michael Apted‚Äôs documentary series, ‚ÄúUp,‚Äù chronicled the lives of its subjects every seven years since 1964. His death last week leaves the fate of his decades-long project up in the air. https://t.co/BXC2ZnuSRL",2021-01-14 21:50:05,1349836210127167496
4,1349833686108286976,nytimes,"Senator Lisa Murkowski, Republican of Alaska, said on Thursday that the House acted ‚Äúappropriately‚Äù in impeaching President Trump, signaling her possible support for convicting him at a Senate trial. https://t.co/dNTUaBe7Gq",2021-01-14 21:40:04,1349833686108286976
5,1349827426386403330,nytimes,"Investigators are looking into military members or police officers who may have been involved in the Capitol riot, a law enforcement official said. They have yet to find evidence that any member of Congress was involved, but are scrutinizing those leads. https://t.co/SosPKyfmtD",2021-01-14 21:15:11,1349827426386403330
6,1349823661570727942,nytimes,"Vaccine rollout has varied widely across the 155 medical schools in the U.S., causing confusion and stress for some medical students.
https://t.co/NhigsXoIta",2021-01-14 21:00:14,1349823661570727942
7,1349818583518490624,nytimes,"The former governor of Michigan, Rick Snyder, was charged with willful neglect of duty in connection with his role in the Flint water crisis. If convicted, the charges are punishable by imprisonment of up to one year or a maximum fine of $1,000. https://t.co/CXdGhCm2Cy",2021-01-14 20:40:03,1349818583518490624
8,1349816081863618564,nytimes,David L. Norquist will be the lone Trump holdover running the Pentagon until Joe Biden‚Äôs defense secretary pick is confirmed. https://t.co/Vrp0zXuX31,2021-01-14 20:30:06,1349816081863618564
9,1349813563171491841,nytimes,"Andrew Yang‚Äôs New York City mayoral campaign, which officially began Wednesday night, will center on universal basic income ‚Äî an issue that some of his competitors have considered making their own. https://t.co/YlWe45trAo",2021-01-14 20:20:06,1349813563171491841
10,1349808586831126532,nytimes,"We‚Äôre tracking virus restrictions around the U.S. Here‚Äôs the latest:
- Montana rolled back limits on business capacity and gatherings
- California lifted a stay-at-home order for the Sacramento area
- Michigan extended its indoor-dining ban through Feb. 1
https://t.co/GNN8cGzR4y",2021-01-14 20:00:19,1349808586831126532
11,1349804772224880645,nytimes,"In Opinion 

‚ÄúNow that the Trump presidency has disintegrated into mayhem and madness, how are the conservative members of the Supreme Court processing these past four years?‚Äù writes Linda Greenhouse. https://t.co/ILX4Ayk3js",2021-01-14 19:45:10,1349804772224880645
12,1349800990413893640,nytimes,"‚ÄúQueens man impeached‚Äù
‚ÄúQueens man evicted‚Äù
‚ÄúQueens man impeached ‚Äî again.‚Äù

‚Äî Recent headlines by the Queens Daily Eagle, a news outlet in the New York City borough where President Trump was born.
https://t.co/TcnqOHe6gN",2021-01-14 19:30:08,1349800990413893640
13,1349797227934474240,nytimes,"The rise in the number of children, teens and young adults in the U.S. who got the coronavirus late last year paralleled the increase among older adults, the CDC said in one of two studies published this week about the virus‚Äôs impact on young people. https://t.co/JsKc3oymaj",2021-01-14 19:15:11,1349797227934474240
14,1349793477798801409,nytimes,"A man was found stabbed to death in Queens on Thursday morning, with three of his relatives lying nearby, unconscious and barely alive, the police said. They have arrested the man's 30-year-old son. https://t.co/CDHe4F5RAp",2021-01-14 19:00:17,1349793477798801409
15,1349789649582096385,nytimes,"In Opinion

Uber upended transportation, and now its Uber Eats service poses a new challenge for restaurants. ‚ÄúDo I feel guilty about it? No,‚Äù the company‚Äôs chief Dara Khosrowshahi told @karaswisher on the latest episode of her Sway podcast. https://t.co/YWjkPPZWIY",2021-01-14 18:45:04,1349789649582096385
16,1349785929293180930,nytimes,"‚ÄúDonald Trump is a living, breathing impeachable offense.‚Äù ‚Äî Rep. Hakeem Jeffries (D)
‚ÄúSimply put, we told you so.‚Äù ‚Äî Rep. Cedric Richmond (D)
‚ÄúIt‚Äôs about canceling.‚Äù ‚Äî Rep. Jim Jordan (R)
‚ÄúEvery movement has a lunatic fringe.‚Äù ‚Äî Rep. Tom McClintock (R)
https://t.co/ZTmp6bhwHH",2021-01-14 18:30:18,1349785929293180930
17,1349784623107158026,nytimes,"Some Republicans, including Representatives Andy Biggs, Jim Jordan and Matt Gaetz, are calling for Rep. Liz Cheney to step down from her leadership post after she voted to impeach President Trump. https://t.co/fY2piwG3bN",2021-01-14 18:25:06,1349784623107158026
18,1349782108869447682,nytimes,"Ugandans voted on Thursday in an election that will decide whether President Yoweri Museveni continues his 35-year rule or is unseated by one of 10 rivals, including a rapper-turned-lawmaker who is a leading opposition candidate. https://t.co/ABcFZXRnsm",2021-01-14 18:15:07,1349782108869447682
19,1349781662398341120,nytimes,"Letitia James on Thursday said that the lawsuit outlines ‚Äúyears of the NYPD‚Äôs illegal and harmful conduct against New Yorkers,‚Äù that ‚Äúviolated individuals‚Äô basic rights to peacefully protest.‚Äù https://t.co/F0xXUj3V10 https://t.co/uJ2AoZvYeR",2021-01-14 18:13:20,1349777073930457093
20,1349779587014778882,nytimes,"Representative Adriano Espaillat, Democrat of New York, is the latest member of Congress to test positive for the coronavirus after the Capitol siege. https://t.co/5zbxwM9Pal",2021-01-14 18:05:05,1349779587014778882
21,1349778796220731393,nytimes,"‚ÄúThe Confederate flag made it deeper into Washington on Jan. 6, 2021, than it did during the Civil War,‚Äù one historian said. It was a piercing reminder of the persistence of white supremacism more than 150 years after the end of the Civil War. https://t.co/YiDpcKAUmc",2021-01-14 18:01:57,1349761497157787651
22,1349778388794404868,nytimes,"Joe Biden will be pursuing his agenda with slim Democratic majorities in both houses of Congress. The balancing act will be especially precarious in his first weeks, as the Senate focuses some of its attention on President Trump‚Äôs impeachment trial. https://t.co/pQJDSTi4EU",2021-01-14 18:00:20,1349778388794404868
23,1349777073930457093,nytimes,New York‚Äôs attorney general sued the NYPD for what she said were widespread abuses in how officers handled the protests after the killing of George Floyd. Letitia James wants a federal monitor to oversee the department‚Äôs tactics at future demonstrations. https://t.co/jdHAsPU8VM,2021-01-14 17:55:06,1349777073930457093
24,1349775818503892994,nytimes,At least 61 sitting members of Congress ‚Äî more than 10% ‚Äî have tested positive for the coronavirus or are believed to have had Covid-19 at some point since the pandemic began. The list includes 44 Republicans and 17 Democrats. https://t.co/4IjhC6HNR1 https://t.co/8owHOemef6,2021-01-14 17:50:07,1349775818503892994
25,1349772975290118145,nytimes,More answers to your questions about the second impeachment of President Trump: https://t.co/uLGLqmfBuo,2021-01-14 17:38:49,1349771547754573824
26,1349772971406209029,nytimes,Trump‚Äôs second impeachment is testing the bounds of the process. https://t.co/uLGLqmfBuo https://t.co/pkw1GxLWSs,2021-01-14 17:38:48,1349771547754573824
27,1349772963197935616,nytimes,The second impeachment of Trump has taken place with extraordinary speed ‚Äî but the next steps won‚Äôt happen immediately. https://t.co/uLGLqmfBuo https://t.co/0mynHNJLFF,2021-01-14 17:38:46,1349771547754573824
28,1349772558565048323,nytimes,"The House‚Äôs impeachment of Trump was the equivalent of an indictment in a criminal case.

The Senate will next act as a jury to determine whether to convict and remove him. https://t.co/wmIB2bfH73 https://t.co/YN5DB9O7BL",2021-01-14 17:37:10,1349771547754573824
29,1349771547754573824,nytimes,"With only a week left in his term, the House impeached President Trump, but he will probably finish his term before he stands trial in the Senate. Here‚Äôs how the process works. https://t.co/wmIB2bfH73",2021-01-14 17:33:09,1349771547754573824
30,1349770787616673801,nytimes,Recommendations issued this week about who in the U.S. should be vaccinated first have led to new questions about access as the number of Americans infected with Covid-19 surges. Here‚Äôs what you can expect. https://t.co/91Ns82Pu2T,2021-01-14 17:30:07,1349770787616673801
31,1349768456888078336,nytimes,"At the Tower of London, the raven queen is missing. Legend says at least six ravens must be kept there, or Britain will fall. https://t.co/IuVDrhL0fH",2021-01-14 17:20:52,1349768456888078336
32,1349766135646986240,nytimes,"Lady Gaga and Jennifer Lopez will be among the artists scheduled to take part next week in the inauguration ceremonies, adding their names to a lineup that includes Justin Timberlake and Jon Bon Jovi. https://t.co/AWnSWfyuHG",2021-01-14 17:11:38,1349766046132137985
33,1349766046132137985,nytimes,Joe Biden will become president of the United States on Jan. 20 in a scaled-back inauguration ceremony. Here‚Äôs a guide to the event. https://t.co/YsYIjxThXy,2021-01-14 17:11:17,1349766046132137985
34,1349763250842447873,nytimes,"Today's Great Read: Diana Wiener wanted answers. Residents of her New York retirement community had no idea which neighbors or employees were sick with the coronavirus, who had died and who had been exposed. So, at age 80, she got into the news business.
https://t.co/GATkFJo8g2",2021-01-14 17:00:11,1349763250842447873
35,1349761497157787651,nytimes,"A man who carried a Confederate flag inside the Capitol last week during the riot was arrested on Thursday. Kevin Seefried was wanted by the FBI, which had sought help from the public to identify him and had widely circulated a dispatch with his photo. https://t.co/d6otE8GnXA",2021-01-14 16:53:12,1349761497157787651
36,1349759457459318788,nytimes,"Julia Letlow, the wife of Representative-elect Luke Letlow, a Louisiana Republican who died of complications from Covid-19 days before he was to be sworn in, will seek the open seat. ‚ÄúI am running to continue the mission Luke started,‚Äù she said. https://t.co/zTPYIZC73i",2021-01-14 16:45:06,1349759457459318788
37,1349755514830389248,nytimes,President-elect Joe Biden plans to name Jaime Harrison to lead the DNC. He became a party star as he shattered fund-raising records in his ultimately unsuccessful race against Senator Lindsey Graham in South Carolina. https://t.co/fgl2oLuwMU,2021-01-14 16:29:26,1349755514830389248
38,1349753155924455427,nytimes,Ten Republicans broke with President Trump and voted ‚Äúyes‚Äù on impeachment. See how each House member voted on Wednesday: https://t.co/5DXXqxC4kX https://t.co/lngDXc0dRy,2021-01-14 16:20:04,1349753155924455427
39,1349748156410556418,nytimes,France plans to test up to a million schoolchildren and teachers every month for the coronavirus. The move comes amid growing concern over the spread of a virus variant first detected in Britain. https://t.co/tbzyVuyKxP,2021-01-14 16:00:12,1349748156410556418
40,1349745879712997376,nytimes,"Siegfried Fischbacher‚Äôs partner, Roy Horn, died of complications of Covid-19 last May at the age of 75. The pair mesmerized Las Vegas audiences, using a stunning mix of magic, costumes and exotic animals.
https://t.co/Ei3gbet2II",2021-01-14 15:51:09,1349731526993272833
41,1349743090433716224,nytimes,"Deaths from the coronavirus are skyrocketing in the United States, largely fueled by relentless surges in California and Arizona.
https://t.co/oiVP7bDMME",2021-01-14 15:40:04,1349743090433716224
42,1349737549359697920,nytimes,"Eddie Lee Howard is free after spending more than a quarter of a century behind bars, much of it on death row. Bite mark evidence used to convict him in a 1992 killing is no longer considered reliable.
https://t.co/iQdkF5Ekit",2021-01-14 15:18:03,1349737549359697920
43,1349733112285040640,nytimes,"A million New Yorkers over 65 are now eligible to be vaccinated. But buggy websites, multiple sign-up systems and a lack of outreach aren't helping.
https://t.co/JXtYS0v0fh",2021-01-14 15:00:25,1349733112285040640
44,1349731526993272833,nytimes,"Breaking News: Siegfried Fischbacher, of Siegfried &amp; Roy, has died at 81. The magician duo and their exotic cats were synonymous with Las Vegas show business.
https://t.co/3QOoe2bF8z",2021-01-14 14:54:07,1349731526993272833
45,1349727988489756678,nytimes,President-elect Joe Biden on Thursday is expected to lay out his plans for trillions of dollars in government spending to combat the coronavirus pandemic and its economic impact. https://t.co/m0w6ZVNBv5,2021-01-14 14:40:03,1349727988489756678
46,1349725974762582018,nytimes,"Dr. Harold Bornstein, who for a time was President Trump‚Äôs personal physician and claimed that Trump would be ‚Äúthe healthiest individual ever elected to the presidency,‚Äù died on Friday at the age of 73.
https://t.co/o06GLVfQ8C",2021-01-14 14:32:03,1349725974762582018
47,1349725493847871489,nytimes,"Tens of thousands of New York City kids waited for an iPad from the Department of Education for most of the fall. ‚ÄúIt‚Äôs hard for me to do work on the phone,‚Äù said Taniya, a 12-year-old student in the Bronx. https://t.co/LqHtastikR",2021-01-14 14:30:09,1349725493847871489
48,1349722953005617152,nytimes,Some frontline workers at hospitals and nursing homes are refusing the Covid-19 vaccine. Their employers are desperately trying to change their minds. https://t.co/ClZX7Fn8K2,2021-01-14 14:20:03,1349722953005617152
49,1349720440583950336,nytimes,"A top WHO official has called for tighter public health restrictions in Europe, as the region grapples with the spread of new coronavirus variants.
https://t.co/qrnu1HO5e9",2021-01-14 14:10:04,1349720440583950336
50,1349717936827719689,nytimes,"The Capitol Police, an agency not used to public scrutiny, has been under a harsh light for its performance during the deadly rampage at the Capitol. https://t.co/Ek9YfzmLDT",2021-01-14 14:00:07,1349717936827719689
51,1349715469331296259,nytimes,"Unemployment claims rose sharply last week, with over 1 million workers in the U.S. applying for state jobless benefits as the coronavirus continued its surge.
https://t.co/qytlIJl3sC",2021-01-14 13:50:19,1349715469331296259
52,1349715419901403136,nytimes,"Lebanon has begun its strictest lockdown since the start of the pandemic, imposing a 24-hour curfew and shuttering nearly all businesses, in a bid to curtail a sharp rise in infections.
https://t.co/lr6TLNjlMn",2021-01-14 13:50:07,1349715419901403136
53,1349713132952969218,nytimes,"President Trump has become the first U.S. president to be impeached twice. The Daily delves into how this history-making impeachment happened and looks at what comes next.
https://t.co/VaZ8q3Yo82",2021-01-14 13:41:02,1349713132952969218
54,1349710406340775936,nytimes,"Microsoft, Oracle and Salesforce have joined a push to develop the technology for health passport apps. Airlines and workplaces may soon require people to share their immunization records before they can enter. 
https://t.co/jPuMfnokPx",2021-01-14 13:30:11,1349710406340775936
55,1349707865259454469,nytimes,"Hundreds of migrants in Bosnia have slept outside in the extreme cold, some resorting to washing themselves with snow or lining up barefoot to receive food, while local authorities have refused to reopen an E.U.-funded housing facility.
https://t.co/2fVLLEIbF0",2021-01-14 13:20:06,1349707865259454469
56,1349702906065334274,nytimes,Democratic lawmakers are voicing safety concerns following the storming of the Capitol. Representative Alexandria Ocasio-Cortez of New York said she had feared that some of her colleagues would put her in danger by revealing her location during the siege. https://t.co/xXtJZnaxTs,2021-01-14 13:00:23,1349702906065334274
57,1349695035374260228,nytimes,"The FBI urged police chiefs across the U.S. to be on high alert for extremist activity and to share intelligence on any threats they encounter, as the government issued a warning of potential violence ahead of President-elect Joe Biden's inauguration. https://t.co/YWUaGdwAke",2021-01-14 12:29:07,1349695035374260228
58,1349687732646391809,nytimes,President-elect Joe Biden has long tried to keep from being sucked into the chaotic maelstrom of President Trump‚Äôs time in office. He may find that posture hard to maintain when he is inaugurated and the Senate puts Mr. Trump on trial. https://t.co/KoM4kd4z47,2021-01-14 12:00:06,1349687732646391809
59,1349677655600324608,nytimes,"A large fire tore through a crowded Rohingya camp in Bangladesh, destroying hundreds of shelters and forcing thousands of refugees to flee in the winter chill. https://t.co/VeJHdggBnR",2021-01-14 11:20:03,1349677655600324608
60,1349672653590843394,nytimes,"For Europe‚Äôs populists, the electoral defeat of President Trump was already a bad omen. But his refusal to accept defeat and the violence that followed appears to have damaged the prospects of similarly minded leaders across the continent. https://t.co/PZWbXnEuD9",2021-01-14 11:00:10,1349672653590843394
61,1349662552654028804,nytimes,Italy‚Äôs history of political instability resurfaced in particularly unstable times as a government crisis began in the midst of a pandemic that has devastated the country. https://t.co/rEGmhZ9kU1,2021-01-14 10:20:02,1349662552654028804
62,1349657542683721730,nytimes,"This üê∑ painting is at least 45,500 years old.

It could be the world's oldest cave art, researchers say. https://t.co/xrRhG7k1sf",2021-01-14 10:00:08,1349657542683721730
63,1349649474164035584,nytimes,Here's a look at some of the highlights worth watching from late-night TV. https://t.co/zWwC81hSG1,2021-01-14 09:28:04,1349649474164035584
64,1349642470586511361,nytimes,"Britain has reinstated a voucher program for low-income families to buy food for students, after photos of food packages provided by the government circulated on social media and were criticized as meager and overpriced. https://t.co/QGhz4XlDCw",2021-01-14 09:00:14,1349642470586511361
65,1349634897883885568,nytimes,"Reliant on markets in the European Union, Scottish seafood exporters fear that making any mistake in daunting new Brexit-related paperwork could cause border delays that would ruin entire shipments ‚Äî and their businesses.
https://t.co/erisKQlURj",2021-01-14 08:30:09,1349634897883885568
66,1349619784581853185,nytimes,A new species of bat with a fiery orange body was discovered in Guinea. Scientists hope the rare discovery could be a catalyst for conserving the region‚Äôs biodiversity. https://t.co/DZhEzaXHtU,2021-01-14 07:30:06,1349619784581853185
67,1349612249174962177,nytimes,"The pandemic decimated the livelihoods of those who work in the arts. As President-elect Joe Biden prepares to take office next week, @jsf writes that he and his cabinet have the chance ‚Äî the responsibility ‚Äî to offer a new settlement for American culture. https://t.co/WycVWU67vK",2021-01-14 07:00:09,1349612249174962177
68,1349597152549474305,nytimes,"Sriwijaya Air Flight 182, which plunged into the Java Sea on Saturday, had been in a hangar for most of last year. The hiatus adds another possible factor in the crash, which killed 62 people. https://t.co/KfHpyYm3M1",2021-01-14 06:00:10,1349597152549474305
69,1349589071442702336,nytimes,"It's 2021, and people are singing sea shanties on TikTok. ‚öìÔ∏è  https://t.co/WPG8hQx1as",2021-01-14 05:28:03,1349589071442702336
70,1349585817581318144,nytimes,"W.H.O. experts landed in Wuhan to begin tracing the origins of the coronavirus outbreak, Chinese state media said. But the team faces many hurdles. https://t.co/yGOGbQLghr",2021-01-14 05:15:07,1349585817581318144
71,1349582021715222528,nytimes,"One region of California, the area around Sacramento, has improved enough to lift a strict stay-at-home order and allow some businesses to reopen at partial capacity, including restaurants offering outdoor dining and hair salons. 
https://t.co/7Tlqi0K2TJ",2021-01-14 05:00:02,1349582021715222528
72,1349576991389982724,nytimes,"Kathleen Heddle, who won three Olympic gold medals rowing for Canada in the 1990s and inspired a generation of athletes, died on Monday at her home in Vancouver, British Columbia. She was 55.
https://t.co/NWebmi5XzL",2021-01-14 04:40:03,1349576991389982724
73,1349569459724427266,nytimes,"The front page of The New York Times for Jan. 14, 2021 (late edition). https://t.co/9TR51SoK8w",2021-01-14 04:10:07,1349569459724427266
74,1349566966890160128,nytimes,The Girl Scouts announced this week that they would offer contactless delivery and pickup of their cookies through Grubhub. https://t.co/EbgbdQYqFB,2021-01-14 04:00:13,1349566966890160128
75,1349561893980164102,nytimes,Here are some of the people who face charges in connection with the Capitol riot. https://t.co/U3RZXTZaiu,2021-01-14 03:40:03,1349561893980164102
76,1349559411350646786,nytimes,"Donald Trump on Wednesday became the first American president to be impeached twice, as 10 members of his party joined with Democrats in the House to charge him with ‚Äúincitement of insurrection.‚Äù https://t.co/caSsgzrBdt",2021-01-14 03:30:11,1349559411350646786
77,1349551891856977922,nytimes,"The Trump administration removed more than 3 million acres of Pacific Northwest land from the protected habitat of the northern spotted owl, 15 times the amount it had previously proposed opening to the timber industry.
https://t.co/V1bNVkqvKd",2021-01-14 03:00:19,1349551891856977922
78,1349546795974717440,nytimes,"From Amazon to Walmart, a lengthening list of American corporate giants that have long been a bastion of GOP money are pledging to cut off funds to Republicans who opposed certifying Joe Biden‚Äôs victory. https://t.co/XbZTu7GcHq",2021-01-14 02:40:04,1349546795974717440
79,1349544295687200769,nytimes,"News Analysis: The impeachment of President Trump for a second time, in a Capitol ringed by troops, seemed like an almost inevitable culmination of his term, our reporter Peter Baker writes. https://t.co/lxR39Svk1T",2021-01-14 02:30:08,1349544295687200769
80,1349536475688394752,nytimes,"Breaking News: Rick Snyder, a former Michigan governor, was charged with two misdemeanor counts connected to a water crisis that devastated the city of Flint. https://t.co/sWOkXNPCke",2021-01-14 01:59:03,1349536475688394752
81,1349531693682667523,nytimes,"In a memo condemning last week‚Äôs violence, U.S. military chiefs told the nation‚Äôs armed forces to reject extremism. Investigators are looking into more than 150 suspects, including current or former service members, involved in the riot at the Capitol. https://t.co/hOG0SCWimG",2021-01-14 01:40:03,1349531693682667523
82,1349521665798103040,nytimes,Why pursue a Senate trial of President Trump when he's about to leave office? Answers to that question and more: https://t.co/aEhtP20J3i,2021-01-14 01:00:12,1349521665798103040
83,1349516605965873155,nytimes,An appeals panel at the Court of Arbitration for Sport substantiated much of the World Anti-Doping Agency findings on Russia‚Äôs doping cover-up. And then it let the Russians off the hook. https://t.co/ma9HiYs9wN,2021-01-14 00:40:06,1349516605965873155
84,1349509060924739584,nytimes,"Helena Duke, an 18-year-old high school senior in Massachusetts, recognized her mom in a video on social media of a crowd of Trump supporters outside the Capitol last week. So she called her out publicly. https://t.co/zTWLyd8C1K",2021-01-14 00:10:07,1349509060924739584
85,1349506537925058560,nytimes,"Journalists at Rupert Murdoch‚Äôs New York Post were told not to base articles on reporting by The New York Times, CNN, MSNBC and The Washington Post, outlets that President Trump has falsely labeled ‚Äúfake news.‚Äù https://t.co/BXGUqOvA8V",2021-01-14 00:00:05,1349506537925058560
86,1349501509097107461,nytimes,"The iconography of the American far right was on display on Jan. 6 as a mob stormed the Capitol. There were militia flags and banners of extremist groups, as well as absurd, cartoonish images that belied the coming violence. https://t.co/aX0olCet5l",2021-01-13 23:40:06,1349501509097107461
87,1349499485240627208,nytimes,"President Trump has been impeached, again. See how each House member voted on the article of impeachment charging him with inciting violence against the country. https://t.co/Tm6JnxxEz1 https://t.co/jkqLfoetxu",2021-01-13 23:32:04,1349499485240627208
88,1349492695371280388,nytimes,"Speaker Nancy Pelosi oversaw the House vote to impeach President Trump for the second time, the first president in American history to be impeached twice. Ten Republicans joined the Democrats to vote for impeachment.

Read the latest. https://t.co/e78p4q5tTV https://t.co/drdrEbHVaf",2021-01-13 23:05:05,1349492695371280388
89,1349491934579085312,nytimes,Breaking News: U.S. intelligence officials warned that armed militia groups and racist extremists are targeting President-elect Joe Biden‚Äôs inauguration next week. https://t.co/RKDsWsaAyn,2021-01-13 23:02:04,1349491934579085312
90,1349491458844319744,nytimes,"Andrew Johnson, 1868
Richard Nixon, 1973
Bill Clinton, 1998
Donald Trump, 2019
Donald Trump, 2021 

Here‚Äôs a look back at the presidential impeachment proceedings in American history. 
https://t.co/aEQsKfDI4n",2021-01-13 23:00:10,1349491458844319744
91,1349488921604976641,nytimes,"Carrie Dann spent decades fighting the U.S. government to reclaim the ancestral land of the Western Shoshone Nation, a territory stretching across four states. She died on January 1 at her home in Crescent Valley, Nevada. https://t.co/UDx7uE1NKO",2021-01-13 22:50:05,1349488921604976641
92,1349487670234329089,nytimes,"Two decades ago, the movie ‚ÄúErin Brockovich‚Äù helped make Thomas Girardi something of a folk hero. But now he is starring in his own real-life legal drama ‚Äî that one lawyer suing him called an ‚Äúalmost Shakespearean tragedy.‚Äù https://t.co/jIOuDMDT5b",2021-01-13 22:45:07,1349487670234329089
93,1349487551384584193,nytimes,"There was a heavily militarized presence in and around the Capitol as the House met to debate impeaching President Trump. There appeared to be troops at every corner, some resting between shifts, others positioned around the complex. https://t.co/W3dt5P8j8U https://t.co/JKNyDGgFxK",2021-01-13 22:44:39,1349384223975759872
94,1349484394998865921,nytimes,"Klete Keller, a two-time Olympic gold medalist, faces federal charges that include disorderly conduct and obstructing law enforcement, for his actions in last week‚Äôs deadly riot at the Capitol. https://t.co/XOarcH73r9",2021-01-13 22:32:06,1349484394998865921
95,1349484107147968518,nytimes,Watch highlights from the House's debate and historic vote to impeach President Trump for a second time. https://t.co/sBkVLBPdEF https://t.co/gMNER7YgVD,2021-01-13 22:30:58,1349484107147968518
96,1349483900289089537,nytimes,"Senator Josh Hawley's recent use of ""Orwellian"" to describe his publisher‚Äôs decision to drop his book is part of a ""long tradition of invoking Orwell‚Äôs name as a cudgel for settling scores and scoring points,"" the book critic @jenszalai writes. https://t.co/nnsL8ypxPH",2021-01-13 22:30:08,1349483900289089537
97,1349480122743709699,nytimes,This year has already proved to be the emotional equivalent of an ultramarathon. Here are some quick stress-reducing strategies. https://t.co/YAnwGVHyuW,2021-01-13 22:15:08,1349480122743709699
98,1349480122336862214,nytimes,"A man who drove to Washington with an assault-style rifle last week and has been charged with threatening to shoot Speaker Nancy Pelosi had also mused about shooting the city's mayor, Muriel Bowser, federal prosecutors said. https://t.co/zbtkzLzHg2",2021-01-13 22:15:07,1349480122336862214
99,1349478845812916228,nytimes,More than 50 million people in the U.S. who are 65 or older ‚Äî as well as younger people with underlying conditions ‚Äî are cleared to receive a coronavirus vaccine. But states are struggling to meet the skyrocketing demand. https://t.co/esvRpraPuv,2021-01-13 22:10:03,1349478845812916228
100,1349477607486709760,nytimes,"The Houston Rockets have agreed to trade James Harden to the Brooklyn Nets, a day after he said the Rockets were ‚Äúnot good enough.‚Äù https://t.co/FJKfK89f4t",2021-01-13 22:05:08,1349477607486709760
101,1349477156531941376,nytimes,"The home page of The New York Times at 5 p.m. Eastern on Jan. 13, 2021. https://t.co/pxfy9dlzQj",2021-01-13 22:03:20,1349477156531941376
102,1349471464362270720,nytimes,Breaking News: President Trump was impeached in a 232-197 vote. Ten Republicans joined Democrats in rebuking the president. He faces a Senate trial next. https://t.co/1BijGRSFI4 https://t.co/Kz0gRjU317,2021-01-13 21:40:43,1349471464362270720
103,1349467251825668096,nytimes,Breaking News: A House majority voted to impeach President Trump a historic second time. He is charged with ‚Äúinciting violence against the government.‚Äù https://t.co/GU8IaOIQa0,2021-01-13 21:23:59,1349467251825668096
104,1349461285948284928,nytimes,"Not only are jeon (Korean pancakes) fast to make, they are versatile as well, making use of virtually any vegetable, seafood or meat, and bound with any type of flour. https://t.co/wPxbKVioe6",2021-01-13 21:00:17,1349461285948284928
105,1349459923713847296,nytimes,Breaking News: The House is now voting on whether to impeach President Trump again. Some Republican support is expected. Follow our live tracker. https://t.co/ROgKosjVO8,2021-01-13 20:54:52,1349459923713847296
106,1349456212832747521,nytimes,"There was a backlash to WhatsApp in recent days after it posted what appear to be overhauled privacy policies. @ShiraOvide clarifies what changed with the messaging app, and what didn‚Äôt. https://t.co/VmaaoeWaoT",2021-01-13 20:40:07,1349456212832747521
107,1349453700495003648,nytimes,Here's what we know about the New Yorkers accused of taking part in the riot at the Capitol last week. https://t.co/e6RvdNNaEH,2021-01-13 20:30:08,1349453700495003648
108,1349452424197648389,nytimes,"Sleeping on marble floors and roaming the halls, National Guard troops could be found at every corner of the Capitol on Wednesday, as a historic impeachment debate unfolded in the House one week after a pro-Trump mob stormed the building. https://t.co/D6TUlnOYt2",2021-01-13 20:25:04,1349452424197648389
109,1349451172353101824,nytimes,"In Opinion

In this video, @king__lucy introduces two hard-working single mothers living in Atlanta who suddenly lost their income because of the coronavirus. On Feb. 1, they might be two of the 30 million Americans facing eviction. https://t.co/Y5h6UrRZQl",2021-01-13 20:20:05,1349451172353101824
110,1349449143832506374,nytimes,"Democratic lawmakers accused Republican colleagues, without citing evidence, of giving tours of the Capitol to insurrectionists ahead of last week‚Äôs riot. Federal investigators are looking into the roles members of Congress may have played. https://t.co/FIRAyHmxqd",2021-01-13 20:12:02,1349449143832506374
111,1349446196381757442,nytimes,"""It is like the home d√©cor version of the horror film 'The Ring,'"" writes @leahmocc. ""First you buy The Rug, and seven days later you discover so has everyone else in the world."" https://t.co/KhCupAe8uE",2021-01-13 20:00:19,1349446196381757442
112,1349441841230454792,nytimes,"‚ÄúIt‚Äôs a bit much to be hearing that these people would not be trying to destroy our government and kill us if we just weren‚Äôt so mean to them,‚Äù Rep. Jaime Raskin said on the House floor on Wednesday. https://t.co/ZNfRESPQuU",2021-01-13 19:43:01,1349357090746343426
113,1349441099757195264,nytimes,"Oklahoma, with no statewide mask mandate, is grappling with the worst surge of the coronavirus it has yet seen. The state is averaging nearly 4,000 new cases each day, an increase of almost 50% from two weeks ago. https://t.co/5Xd7SmDbS7",2021-01-13 19:40:04,1349441099757195264
114,1349438618746695688,nytimes,"Midwestern Pet Foods Inc. has expanded its voluntary recall of several dry food products after more than 70 dogs died and 80 others became ill, possibly from ingesting fatal levels of a toxin that is produced by mold, the FDA said. https://t.co/DnxxzuFCYz",2021-01-13 19:30:12,1349438618746695688
115,1349436251867394054,nytimes,"In a statement released by the White House on Wednesday, President Trump condemned violence and called on Americans to ‚Äúease tensions and calm tempers,‚Äù as the House was debating an article of impeachment that accuses him of ‚Äúincitement of insurrection.‚Äù https://t.co/tPYkaKGgrz",2021-01-13 19:20:48,1349436251867394054
116,1349434839217405955,nytimes,"Juri Ratas, the prime minister of Estonia, resigned on Wednesday after his coalition government became engulfed by a corruption scandal over misuse of state loans intended for coronavirus pandemic relief.
https://t.co/uYNdeaEyYp",2021-01-13 19:15:11,1349434839217405955
117,1349433559438798849,nytimes,"Mayor Bill de Blasio said New York City is ending its contracts with the Trump Organization after the deadly riot incited by President Trump at the U.S. Capitol. ""He has disgraced himself. He will no longer profit from his relationship with New York City."" https://t.co/oSsaagqPAC https://t.co/lw304fkJ4o",2021-01-13 19:10:06,1349433559438798849
118,1349431055028203520,nytimes,"Several Democrats have vividly reminded their colleagues of the violence of the Capitol attack, exactly one week ago today. https://t.co/vBToDwkBgp https://t.co/2i6x4zmHL9",2021-01-13 19:00:09,1349357090746343426
119,1349429274760146946,nytimes,"Watch Speaker Nancy Pelosi's full remarks opening the House debate on impeaching President Trump: ""We know that the president of the United States incited this insurrection ‚Äî this armed rebellion against our common country. He must go."" https://t.co/uwRIms0TaS https://t.co/jiSledaQjL",2021-01-13 18:53:04,1349429274760146946
120,1349428554656849920,nytimes,"Rep. Dan Newhouse, Republican of Washington, says he will vote to impeach President Trump.

Watch live with our reporters: https://t.co/RG6eGEeJan https://t.co/gQ0JHOmZAZ",2021-01-13 18:50:13,1349357090746343426
121,1349427273573801987,nytimes,Google said it would not allow political ads on its platforms until after Inauguration Day because of last week‚Äôs riot at the Capitol. https://t.co/VMBuXgVyu9,2021-01-13 18:45:07,1349427273573801987
122,1349423522360287235,nytimes,"The supervisor of a small New York town was headed to prison when he vanished in 1997. Then last month, 23 years later and 500 miles away, he was arrested near a Walmart in Ohio. This is the story of his life on the run. https://t.co/lPfBWO5noj",2021-01-13 18:30:13,1349423522360287235
123,1349422469510275074,nytimes,"Jobless women are selling nudes on OnlyFans and are still struggling to pay bills
https://t.co/1AihA5qn1f",2021-01-13 18:26:02,1349422469510275074
124,1349419715731615747,nytimes,At least 60 sitting members of Congress ‚Äî more than one in 10 ‚Äî have reported positive coronavirus tests since the pandemic began. Five have tested positive since the attack on the Capitol last week. https://t.co/0W7PwtQYSE,2021-01-13 18:15:05,1349419715731615747
125,1349419714552983553,nytimes,"Here's how impeachment could play out.

We're at step one in this chart ‚Äî the House is in the middle of a debate before the vote. It's expected to pass, and would make President Trump the first president to be impeached twice.

(Tap to see it in full.) https://t.co/uwRIms0TaS https://t.co/bxh2eZUf6f",2021-01-13 18:15:05,1349357090746343426
126,1349412994015490049,nytimes,Rep. Jim Jordan has kicked off House Republicans‚Äô defense against impeachment: ‚ÄúThey want to cancel the president.‚Äù https://t.co/KoOWhLSDYS,2021-01-13 17:48:23,1349357090746343426
127,1349410911967182850,nytimes,"Many American companies distanced themselves from President Trump in the wake of the siege on the Capitol. Not MyPillow, which is offering a ""FightForTrump"" discount code to online shoppers.
https://t.co/P8u4FwOQqD",2021-01-13 17:40:06,1349410911967182850
128,1349410639123513344,nytimes,"House Speaker Nancy Pelosi has opened the debate on whether to impeach President Trump.

Watch live, with context from our reporters: https://t.co/uwRIms0TaS https://t.co/BJWEAlaQ1n",2021-01-13 17:39:01,1349357090746343426
129,1349407158476136451,nytimes,"As the pandemic devastated sections of the economy, particularly those dominated by women, some turned to OnlyFans to make money. The platform for selling explicit photos has boomed, but competition on the site means earnings are far from guaranteed.
https://t.co/QwLyDbKIsu",2021-01-13 17:25:12,1349407158476136451
130,1349403368800870404,nytimes,"Today's Great Read:

An ambitious new system will track scores of species from space ‚Äî shedding light, scientists hope, on the lingering mysteries of animal movement.
https://t.co/6IdBqCmOOT",2021-01-13 17:10:08,1349403368800870404
131,1349400970900475904,nytimes,"For families whose loved ones died after contracting the coronavirus in correctional facilities, the grief has been complicated by stigma and red tape. https://t.co/xUw5sm4gpv",2021-01-13 17:00:36,1349400970900475904
132,1349399574474067969,nytimes,"The acting attorney general, Jeffrey Rosen, said that there would be a peaceful transition of power to the Biden administration, in his first public appearance since the attack on the Capitol. https://t.co/AVZyZRnMPB",2021-01-13 16:55:03,1349399574474067969
133,1349397082419957767,nytimes,"Airbnb will cancel and block all reservations in the Washington area next week. Law enforcement authorities have warned of threats of violence ahead of the presidential inauguration on Jan. 20, and National Guard troops have been deployed in response. https://t.co/9TLM6e1Wb7",2021-01-13 16:45:09,1349397082419957767
134,1349389521335545856,nytimes,"An Egyptian court has overturned the sentences of two young women who were imprisoned for ‚Äúviolating family values‚Äù and ‚Äúinciting debauchery‚Äù on TikTok.
https://t.co/3uu0UDArwt",2021-01-13 16:15:06,1349389521335545856
135,1349388267947515906,nytimes,"Here is what the U.S. Capitol looks like as impeachment is underway
https://t.co/zlCxkmPK30",2021-01-13 16:10:08,1349388267947515906
136,1349385817156956163,nytimes,"The U.S. decision to designate Cuba a state sponsor of terrorism was made in ‚Äúthe death throes of a failed and corrupt administration,‚Äù the country's president said. For Cubans, the change of administrations in Washington can‚Äôt come soon enough. https://t.co/qhqTQN6U5J",2021-01-13 16:00:23,1349385817156956163
137,1349384223975759872,nytimes,"These are National Guard members in the Capitol on Wednesday, as the House is poised to impeach President Trump for a second time.

The Pentagon says about 15,000 troops will be in Washington in preparation for President-elect Joe Biden‚Äôs inauguration. https://t.co/xMbza6aaET https://t.co/h3kwiyu6MJ",2021-01-13 15:54:03,1349384223975759872
138,1349381966173503493,nytimes,Health authorities are investigating the case of a Florida doctor who died from a severe blood disorder 16 days after receiving the Pfizer coronavirus vaccine. Experts said the case was highly unusual but could have been a severe reaction to the vaccine. https://t.co/tq59tFTJND,2021-01-13 15:45:05,1349381966173503493
139,1349381682344898565,nytimes,Watch today's historic impeachment proceedings live with our reporters: https://t.co/RG6eGEeJan https://t.co/bY2sP3rcCh,2021-01-13 15:43:58,1349357090746343426
140,1349378758990553090,nytimes,Our reporters are on Capitol Hill for a historic day. Follow the latest on the Capitol riot: https://t.co/t0GcgsTi4M https://t.co/tN1x5yo7Co,2021-01-13 15:32:21,1349378758990553090
141,1349378186136727553,nytimes,"Rick Snyder, the former governor of Michigan, said he bears no criminal responsibility for the Flint water crisis, issuing a statement amid reports that charges against him connected to the crisis were imminent. https://t.co/TDJzO8Ehf1",2021-01-13 15:30:04,1349378186136727553
142,1349374902537760768,nytimes,"A rioter who was photographed wearing a ‚ÄúCamp Auschwitz‚Äù sweatshirt while inside the Capitol last week was arrested in Newport News, Virginia, on Wednesday morning, according to law enforcement officials. https://t.co/xJs2dvNu6f",2021-01-13 15:17:01,1349374902537760768
143,1349370696535830532,nytimes,Social media platforms have raced to ban the organizers of the attack on the Capitol. Today's episode of the The Daily asks if the crackdown will reduce the risk of violence ‚Äî or just made it harder to prevent. https://t.co/9lM9wECRWv,2021-01-13 15:00:18,1349370696535830532
144,1349366872513376257,nytimes,"In visiting Texas, President Trump hoped to change the focus of public attention from the Capitol riot by his loyalists to the border wall, one of his signature projects. But the state is also reeling from the turmoil in Washington. https://t.co/yZ4siCcxUe",2021-01-13 14:45:07,1349366872513376257
145,1349363104916901888,nytimes,"In the aftermath of President Trump‚Äôs efforts to subvert the election, Georgia state officials continue to face harassment and death threats. A district attorney is weighing an inquiry into the president‚Äôs actions. https://t.co/WKTLfl91WF",2021-01-13 14:30:08,1349363104916901888
146,1349359320803266560,nytimes,Johnson &amp; Johnson expects to release results from its coronavirus vaccine trial in as little as two weeks. But manufacturing delays mean that the company most likely won‚Äôt be able to provide as many doses this spring as it promised the U.S. government. https://t.co/CtOnr0s6G7,2021-01-13 14:15:06,1349359320803266560
147,1349357090746343426,nytimes,"Breaking News: Lawmakers are poised to impeach President Trump for a second time, over the attack on the U.S. Capitol. Follow the live debate in the House here. https://t.co/xDUpG6KeD8",2021-01-13 14:06:14,1349357090746343426
148,1349355581866442752,nytimes,"Ricardo Rossell√≥, Puerto Rico's former governor, resigned in disgrace last year after a series of offensive text messages he sent went public.

In his first newspaper interview since the scandal, he laments ‚Äúthe complete devastation of my reputation.‚Äù https://t.co/wCsbtakI1J",2021-01-13 14:00:15,1349355581866442752
149,1349351777402032128,nytimes,"President-elect Joe Biden has named Samantha Power, a former ambassador to the UN during the Obama administration, to lead the United States Agency for International Development.
https://t.co/5Yu7NLoih7",2021-01-13 13:45:08,1349351777402032128
150,1349348697679781890,nytimes,"New York City is terminating its contracts with the Trump Organization because of the mob riot at the U.S. Capitol, Mayor Bill de Blasio said. https://t.co/o8HXK8HCW2",2021-01-13 13:32:53,1349348697679781890
151,1349344218968371200,nytimes,"As much of America‚Äôs attention focused on the fallout from the Capitol siege, more than 4,400 Covid-19 deaths were reported on Tuesday, setting another daily record.
https://t.co/sqbTb8uNuM",2021-01-13 13:15:06,1349344218968371200
152,1349340455956324356,nytimes,"Edgar Ventura, one of the six inmates who used a homemade rope to escape from a jail in California over the weekend, was arrested on Tuesday. https://t.co/0EWOwWgbgu",2021-01-13 13:00:08,1349340455956324356
153,1349337923611734018,nytimes,"President-elect Joe Biden, facing the rise of domestic terrorism and a cyberattack from Russia, is rebuilding a White House national security team to focus on threats that critics say were ignored by President Trump. https://t.co/hfb2XrJ8xE",2021-01-13 12:50:05,1349337923611734018
154,1349335714325012480,nytimes,"Before boarding flights to the U.S., all international passengers will need to show proof of a negative coronavirus test, according to a new federal policy going into effect on Jan. 26. https://t.co/KO59zvApfJ",2021-01-13 12:41:18,1349335714325012480
155,1349332637433946112,nytimes,"The House will vote on Wednesday on whether to impeach President Trump, charging him with ""inciting violence against the government of the United States."" Here's how to follow along. https://t.co/VDXbAauFpb",2021-01-13 12:29:04,1349332637433946112
156,1349330871359254528,nytimes,More than 22 million people in China have been ordered to remain inside their homes ‚Äî double the number locked down last January. The country is experiencing its worst coronavirus flare-up since the summer. https://t.co/o27FyfeQ4Z,2021-01-13 12:22:03,1349330871359254528
157,1349328860496736256,nytimes,"Indonesia‚Äôs president, Joko Widodo, received a Chinese-made vaccine on live TV to reassure the public it was safe. The efficacy of the shot was downgraded to just over 50% by scientists in Brazil on Tuesday. https://t.co/UJ6bVKxN0n",2021-01-13 12:14:04,1349328860496736256
158,1349325389026516992,nytimes,"New York‚Äôs business community is coalescing behind Raymond McGuire, an ex-Wall Street executive, in the mayoral race. His campaign will report this week that it has already raised just over $5 million. But the support may turn off some left-leaning voters. https://t.co/Kav5otgJdb",2021-01-13 12:00:16,1349325389026516992
159,1349321304307085312,nytimes,"The Pentagon will arm National Guard troops deploying to the Capitol for President-elect Joe Biden's inauguration, the Army secretary, Ryan McCarthy, has decided. https://t.co/ckkPfxQoyD",2021-01-13 11:44:02,1349321304307085312
160,1349317295638773763,nytimes,"As the House prepared to move forward with an impeachment proceeding, charging President Trump with inciting violence against the government of the U.S., a small but growing number of Republicans said they support the effort. https://t.co/yBfgZyjjay",2021-01-13 11:28:07,1349317295638773763
161,1349304569055084547,nytimes,"Scientists in Brazil downgraded the efficacy of a Chinese coronavirus vaccine to just 50%, much lower than previously announced. The news diminished hopes for a shot that could be easily distributed to help the developing world. https://t.co/CiEDgFCNvh",2021-01-13 10:37:32,1349304569055084547
162,1349301938031112193,nytimes,"Lee Man-hee, the leader of a religious sect linked to a coronavirus outbreak in South Korea last year, received a three-year suspended prison term for embezzling church money. But he was acquitted on a charge of conspiring to impede virus control efforts. https://t.co/eiWd0UcVBx",2021-01-13 10:27:05,1349301938031112193
163,1349290110949486592,nytimes,"Aleksei Navalny, the Russian opposition leader who has been in Germany recovering from a nerve-agent attack widely seen as carried out by the Russian state, said he would return to Moscow this weekend despite the threat of being jailed on arrival. https://t.co/VoFYxy3iek",2021-01-13 09:40:05,1349290110949486592
164,1349286319843909634,nytimes,Here's a look at some of the highlights worth watching from late-night TV. https://t.co/8EMDj1peOY,2021-01-13 09:25:01,1349286319843909634
165,1349271738517958664,nytimes,Uganda‚Äôs president has blocked Facebook from operating in the country. The move comes just days after the social media company removed fake accounts linked to President Yoweri Museveni's government ahead of a hotly contested general election on Thursday. https://t.co/hlb5eV4kP2,2021-01-13 08:27:05,1349271738517958664
166,1349264981041303553,nytimes,"Settlers who repopulated an area of South Korea near the border with the North after the war were promised they could own the land. Six decades later, the government is only now rewarding them. https://t.co/tELRV0I7KO",2021-01-13 08:00:14,1349264981041303553
167,1349843809434300417,Reuters,Airbnb CEO says travel never going back to the way it was before pandemic https://t.co/OrwaB1IB1E https://t.co/uJXtSI2PRq,2021-01-14 22:20:17,1349843809434300417
168,1349843736281411584,Reuters,"The Indianapolis Zoo welcomes two Gentoo penguin chicks, the first penguin chicks to be hatched at the zoo since 2012 üêß https://t.co/1hqDlwW0CD",2021-01-14 22:20:00,1349843736281411584
169,1349843557876723713,Reuters,"Biden unveils his $1.9 trillion package including $1,400 stimulus checks, higher supplemental unemployment benefits and over $400 billion for businesses and most-affected communities https://t.co/gZFPVUiOH2 https://t.co/UZXqhB4z7i",2021-01-14 22:19:17,1349843557876723713
170,1349842508902264833,Reuters,U.S. airlines back Biden plan to mandate masks for passengers https://t.co/mDpYjG4tO6 https://t.co/LZ3MUq7nN8,2021-01-14 22:15:07,1349842508902264833
171,1349842477935718403,Reuters,"Airbnb's CEO Brian Chesky said it was an ‚Äòeasy decision‚Äô to cancel home-sharing reservations and refund guests and hosts in the Washington, D.C., area for the week of President-elect Joe Biden's inauguration. Follow #ReutersNext updates: https://t.co/4MgFy4jnw5 https://t.co/ypuqQVsqB6",2021-01-14 22:15:00,1349842477935718403
172,1349841775708561410,Reuters,At least two Capitol police officers have been suspended and more than a dozen others are under investigation for alleged dereliction of duty or aiding or abetting rioters https://t.co/B0s9wUDlko,2021-01-14 22:12:12,1349841775708561410
173,1349841288062001154,Reuters,U.S. taking additional actions on South China Sea:Secretary of State Pompeo https://t.co/KVohpHjLEd https://t.co/1B8vS0qXG9,2021-01-14 22:10:16,1349841288062001154
174,1349841219900198915,Reuters,"U.S. regulators have asked Tesla to recall 158,000 of its Model S and Model X cars over touchscreen failures that could pose safety risks https://t.co/ER2sdAlPRV https://t.co/KBk1meC300",2021-01-14 22:10:00,1349841219900198915
175,1349839984291962888,Reuters,Major violations of international law at Tigray refugee camps: U.N. https://t.co/v0j8YAgNxs https://t.co/T3vvGaTsq8,2021-01-14 22:05:05,1349839984291962888
176,1349839961739186177,Reuters,"Magician Siegfried Fischbacher, who alongside Roy Horn created the world-famous act Siegfried &amp; Roy, died at his home in Las Vegas after a battle with pancreatic cancer https://t.co/kxsU2ZBeAi https://t.co/BMaYGAvqsN",2021-01-14 22:05:00,1349839961739186177
177,1349838814001451010,Reuters,American teachers grapple with patchy COVID-19 vaccine rollout https://t.co/kTd0py1cNP https://t.co/fLEpZ2n1KH,2021-01-14 22:00:26,1349838814001451010
178,1349838706283327492,Reuters,"On a farm in Greece, Sanny the dog has gone from chasing cats around the house to nursing them üêï üê± https://t.co/a1GPr1CP6n",2021-01-14 22:00:01,1349838706283327492
179,1349837475594842113,Reuters,UK set to step up coronavirus vaccinations: FT https://t.co/v9nso4zHSC https://t.co/PVjii4KuS6,2021-01-14 21:55:07,1349837475594842113
180,1349837444665929728,Reuters,Lady Gaga and Jennifer Lopez will take the stage at President-elect Joe Biden's inauguration ceremony in Washington next week in what his transition team said would showcase a diverse America https://t.co/TYA0tKnjbB https://t.co/axf0FsTPcI,2021-01-14 21:55:00,1349837444665929728
181,1349836229966254081,Reuters,Bitcoin surge helps lift Grayscale assets to record $20 billion in 2020 https://t.co/jJeWIXM5qv https://t.co/cHOoE3qc2E,2021-01-14 21:50:10,1349836229966254081
182,1349836186521636872,Reuters,"The Trump administration has scrapped plans to blacklist Chinese tech giants Alibaba, Tencent and Baidu, people familiar with the matter said, providing a brief reprieve to Beijing‚Äôs top corporates amid a broader crackdown by Washington https://t.co/4eDksPR5xd https://t.co/aUFmwUZiQg",2021-01-14 21:50:00,1349836186521636872
183,1349835441508409344,Reuters,New York state attorney general sues NYC police for excessive force against protesters. The federal lawsuit alleges police repeatedly and without justification used batons and other physical force against protesters https://t.co/0d4uFd0xn3,2021-01-14 21:47:02,1349835441508409344
184,1349834970781671425,Reuters,U.S. charges MIT professor with grant fraud over hidden Chinese ties https://t.co/l7Mlc0gglf,2021-01-14 21:45:10,1349834970781671425
185,1349834928041521152,Reuters,Four Black American icons meet on screen in the new Amazon film ‚ÄòOne Night in Miami‚Äô https://t.co/LhLtqMkaVy https://t.co/ehABDWdC43,2021-01-14 21:45:00,1349834928041521152
186,1349833709181149185,Reuters,Exclusive: Wells Fargo close to deal with buyout firms for asset management business - sources https://t.co/BD2qAax9Ry https://t.co/h23vpAepjk,2021-01-14 21:40:09,1349833709181149185
187,1349833669712568321,Reuters,Michigan Solicitor General Fadwa Hammoud announced indictments in the investigation into the crisis surrounding lead contamination of the city of Flint‚Äôs water supply https://t.co/6QPmky82rh https://t.co/60BQq52ZLz,2021-01-14 21:40:00,1349833669712568321
188,1349832442283221005,Reuters,Twitter lifts brief restrictions on account of Russian COVID-19 vaccine https://t.co/5gHvJmEkjQ https://t.co/CRDd8dfGJI,2021-01-14 21:35:07,1349832442283221005
189,1349832411752742912,Reuters,"The jobs market is weakening as the pandemic worsens. The Labor Department reported the number of Americans filing new jobless claims surged to 965,000 last week https://t.co/ddj1u5Nept https://t.co/rhOZRylznW",2021-01-14 21:35:00,1349832411752742912
190,1349831178543636481,Reuters,Brazil's Amazonas state running out of oxygen as COVID-19 surges https://t.co/ZDzhELIjsy https://t.co/PjBAAaMueL,2021-01-14 21:30:06,1349831178543636481
191,1349831154946347009,Reuters,New York‚Äôs state attorney general sued New York City Mayor Bill De Blasio and the city‚Äôs police commissioner over allegations the police used excessive force against racial justice protesters after the killing of George Floyd in May https://t.co/lmOZ4dRwe2 https://t.co/0xF9PMUajT,2021-01-14 21:30:00,1349831154946347009
192,1349829972928712704,Reuters,Fed's Powell: 'Not the time' to discuss any change to bond purchases https://t.co/eb5DoFNyq1 https://t.co/wYDkrcXvpF,2021-01-14 21:25:18,1349829972928712704
193,1349829244612980738,Reuters,"#Bitcoin seems so flighty, some might argue you may as well consult a crystal ball. Enter Maren Altman, bitcoin investor and astrologer https://t.co/eeUsPg8ELz by @annairrera @tomwilson1983",2021-01-14 21:22:25,1349829244612980738
194,1349828656911290378,Reuters,COVID-19 tests: Central America's latest tool to stop migrant caravans https://t.co/4jvyHydBsD https://t.co/hiFKDBnhbl,2021-01-14 21:20:05,1349828656911290378
195,1349828636854071299,Reuters,Spanish emergency services led rescue operations for stranded animals left with no food amid extreme weather conditions and a historic snowfall across the country https://t.co/tWA2c7Xuwf,2021-01-14 21:20:00,1349828636854071299
196,1349827400511721473,Reuters,New York attorney general sues NYPD for excessive force against protesters https://t.co/5oekUDOSYK https://t.co/HJyqiGDyXG,2021-01-14 21:15:05,1349827400511721473
197,1349827378797801472,Reuters,"Wine produced in an Israeli settlement in the occupied West Bank and labelled ‚Äòfrom the land of Israel‚Äô will soon be available for sale in the United Arab Emirates, a deal condemned by Palestinians https://t.co/z76N2BQTTJ https://t.co/WogtvatIVJ",2021-01-14 21:15:00,1349827378797801472
198,1349826202933096449,Reuters,Bahrain says Qatar freed bodybuilding champ detained while fishing https://t.co/3yxXiGwULy https://t.co/YjhEPFui5f,2021-01-14 21:10:19,1349826202933096449
199,1349826120028356610,Reuters,"Anti-palm oil campaigns are hindering the shift toward transparency and sustainability, top producers said during the #ReutersNext virtual summit https://t.co/ixREZB2sg0 https://t.co/mnlkucH5OW",2021-01-14 21:10:00,1349826120028356610
200,1349824898986897409,Reuters,"Washington to close metro stations, Delta bans guns to D.C. ahead of inauguration https://t.co/OqdGLhbR5P https://t.co/74v8GMQDN2",2021-01-14 21:05:09,1349824898986897409
201,1349823738536144897,Reuters,U.S. charges 14 leaders of MS-13 gang with terrorism https://t.co/tPCMpd0R0C https://t.co/Eu34Flmddp,2021-01-14 21:00:32,1349823738536144897
202,1349823615911550978,Reuters,Former 2020 U.S. presidential contender Andrew Yang said he will run for mayor of New York City as a Democrat in this year‚Äôs elections https://t.co/4RMu1ycLRN,2021-01-14 21:00:03,1349823615911550978
203,1349823608646893571,Reuters,"'There is a need for a re-engaged United States in global circles,' Canadian Prime Minister Justin Trudeau said in a #ReutersNext interview https://t.co/YQnfOf7FwV https://t.co/J8DusFpToG",2021-01-14 21:00:01,1349823608646893571
204,1349822378960953344,Reuters,Judge orders detention of man accused of hurling fire extinguisher at Capitol Police https://t.co/fHKr8rMPhW https://t.co/VKinIUpnGS,2021-01-14 20:55:08,1349822378960953344
205,1349822345263898627,Reuters,"Remember the Avengers: Wanda Maximoff and Vision? Well, they're back for a TV show https://t.co/TugTffmfBV https://t.co/uct1nH5SRb",2021-01-14 20:55:00,1349822345263898627
206,1349821232699596801,Reuters,"30.6 million doses of COVID-19 vaccines distributed, 11.1 million administered: U.S. CDC https://t.co/i7nlGgQDKK https://t.co/ResGWKExH9",2021-01-14 20:50:34,1349821232699596801
207,1349821106295865344,Reuters,"‚ö°Ô∏è #ReutersNext Day 4: Canadian Prime Minister @JustinTrudeau rules out COVID-19 vaccine passports

https://t.co/ZzanszYpSY",2021-01-14 20:50:04,1349821106295865344
208,1349821086796447745,Reuters,"Youssef Abu Amira, a Palestinian law school graduate, never let disabilities hold him back. Born without legs and with only partially developed arms, he has taken up a new challenge ‚Äì karate https://t.co/MtvqlUq2nM https://t.co/bfUekW8KjV",2021-01-14 20:50:00,1349821086796447745
209,1349819947774566405,Reuters,Parler urges U.S. judge to order Amazon to restore its platform https://t.co/JP17x91voe https://t.co/2pPRG9YPxp,2021-01-14 20:45:28,1349819947774566405
210,1349819363164114945,Reuters,"Twitter's decision to suspend Trump‚Äôs account will test a truce made last year between CEO Jack Dorsey and top shareholders of the social media company which allowed Dorsey to remain in the top job. Svea Herbst-Bayliss, @Sheila_Dang &amp; @chukwubyke report https://t.co/W1Z4rpYxj6",2021-01-14 20:43:09,1349819363164114945
211,1349818654456737792,Reuters,"Canada's Trudeau wants to serve for 'number of more years,' rules out vaccine passports https://t.co/gmpsbcTXyr https://t.co/wkVXW4gtEA",2021-01-14 20:40:20,1349818654456737792
212,1349818590715924484,Reuters,Trudging through snow while interviewing someone is just another day at the office for Prague-based recruiter Blake Wittman who has embraced new tactics to gain an edge during a pandemic that has roiled Europe‚Äôs hiring market https://t.co/TOGdXU7Jgh,2021-01-14 20:40:05,1349818590715924484
213,1349818570344161281,Reuters,"Italy is facing political turmoil after former prime minister Matteo Renzi pulled his small party out of the ruling coalition, stripping it of a majority in the midst of the COVID-19 pandemic https://t.co/eyth7qydme https://t.co/moBvPWmTwG",2021-01-14 20:40:00,1349818570344161281
214,1349817379015041024,Reuters,"No jab, no job? UK plumbing firm exploring vaccine rules for staff https://t.co/vrzYFXd1j4 https://t.co/thtyePYw2Y",2021-01-14 20:35:16,1349817379015041024
215,1349817312111517697,Reuters,"Despite the pandemic and high levels of unemployment, consumer discretionary indices have surged in the past year. Oppenheimer Chief Market Strategist John Stoltzfus explains why he thinks there is still ‚Äògreat opportunity‚Äô in the sector https://t.co/KOgKwV1cJo",2021-01-14 20:35:00,1349817312111517697
216,1349816163048566786,Reuters,"U.S.-China trade war has cost up to 245,000 U.S. jobs: business group study https://t.co/nAaD39Vd5u https://t.co/XY84JDCUEg",2021-01-14 20:30:26,1349816163048566786
217,1349816053891665921,Reuters,A painting kept folded in a drawer for years of comic book hero Tintin is to be auctioned off in Paris and estimated to sell for more than $2.4 million https://t.co/SrQU6XpAlo https://t.co/KTtEXY0OSa,2021-01-14 20:30:00,1349816053891665921
218,1349814815603236868,Reuters,"U.S. imposes sanctions on Chinese officials, oil giant over South China Sea 'coercion' https://t.co/gFgMQm6oel https://t.co/In6nroQurh",2021-01-14 20:25:05,1349814815603236868
219,1349814795399176193,Reuters,A UK study has found that getting COVID-19 likely gives the person immunity for at least five months. But those antibodies don't prevent the immune from carrying and spreading the virus to others https://t.co/N8dz0HAAYp https://t.co/OFibvKtrJy,2021-01-14 20:25:00,1349814795399176193
220,1349813596746870785,Reuters,Swiss nursing home hit by British COVID-19 variant outbreak https://t.co/Aq7CWOLTjD https://t.co/0wigZqXNVu,2021-01-14 20:20:14,1349813596746870785
221,1349813537452003330,Reuters,"An eruption from Mount Etna lit up the sky during the night, seen from Italy's Fornazzo, a small village under the volcano https://t.co/afcFe34Nls",2021-01-14 20:20:00,1349813537452003330
222,1349813087868768258,Reuters,"A retired firefighter suspected of throwing a fire extinguisher at police during last week‚Äôs mob attack on the Capitol has been arrested, a U.S. Justice Department spokeswoman confirmed https://t.co/DCnr3FUDbQ https://t.co/k6AXnEVMh6",2021-01-14 20:18:13,1349813087868768258
223,1349812299817603073,Reuters,Mick Fleetwood goes same way as others with music catalogue deal https://t.co/TXgPfO5Td7 https://t.co/BagWdA4w2a,2021-01-14 20:15:05,1349812299817603073
224,1349812279064227841,Reuters,Former 2020 presidential contender Andrew Yang said he will run for mayor of New York City as a Democrat in this year's elections https://t.co/u5Y169j4dw,2021-01-14 20:15:00,1349812279064227841
225,1349811789815492617,Reuters,"The U.S. Senate Intelligence Committee said it had scheduled a confirmation hearing for President-elect Joe Biden‚Äôs nominee to be director of national intelligence, after delays in the transition process for some nominees https://t.co/BqkIJBmFJr",2021-01-14 20:13:03,1349811789815492617
226,1349811088553029638,Reuters,Poshmark valued at over $7 billion in blockbuster Nasdaq debut https://t.co/kcDIrILFdc https://t.co/R5OLRU3buR,2021-01-14 20:10:16,1349811088553029638
227,1349811020668280837,Reuters,This exoskeleton leg lets you 'sit' while standing https://t.co/HXVedpoc9F,2021-01-14 20:10:00,1349811020668280837
228,1349810274778361859,Reuters,"President-elect Joe Biden is set to pick former South Carolina Democratic Party Chairman Jaime Harrison to head the Democratic National Committee, a source tells @Reuters https://t.co/8XClejbQV1",2021-01-14 20:07:02,1349810274778361859
229,1349809823764897795,Reuters,"After years in a drawer, Tintin painting sells for 3.2 million euros https://t.co/CLWcEng3KC https://t.co/k1fPFCO9Lu",2021-01-14 20:05:14,1349809823764897795
230,1349809762590887936,Reuters,Two members of a World Health Organization-led team that arrived in China's Wuhan to investigate the origins of COVID-19 remained behind in Singapore after testing positive for coronavirus antibodies https://t.co/d2XqXKstah https://t.co/kkjUaCbfnl,2021-01-14 20:05:00,1349809762590887936
231,1349808528257667077,Reuters,"Yemen's Houthis won't abandon peace efforts over U.S. designation, says chief negotiator https://t.co/2QsBJFpvZh https://t.co/a6IS7Fp66J",2021-01-14 20:00:06,1349808528257667077
232,1349808506707185665,Reuters,"About 1.4 million people in southern Madagascar will need food aid this year, according to the U.N. World Food Programme https://t.co/2yCDvBkiAE https://t.co/mOncTORXts",2021-01-14 20:00:00,1349808506707185665
233,1349807268448055309,Reuters,"American Airlines to offer COVID-19 vaccines to employees at hub airports, director says https://t.co/5I6ge7Bves https://t.co/Mo9vZh464t",2021-01-14 19:55:05,1349807268448055309
234,1349806078700244993,Reuters,"Yemenis fear cuts to imports, remittances after U.S. blacklists Houthis https://t.co/HVfrdL9BYk https://t.co/KU2YLPofd5",2021-01-14 19:50:22,1349806078700244993
235,1349806013814362115,Reuters,"House Speaker Nancy Pelosi said she wants fines of up to $10,000 for lawmakers who refuse to be screened for firearms at entrances to the House of Representatives, following the Jan. 6 violent attack on the Capitol by pro-Trump rioters https://t.co/Ot4qJqpMkx",2021-01-14 19:50:06,1349806013814362115
236,1349805987562065920,Reuters,From @reuterspictures: Kimono-clad Japanese youth wearing face masks attend Coming of Age Day celebration ceremony in Yokohama https://t.co/mikjjydLNB https://t.co/12ycBXjqsX,2021-01-14 19:50:00,1349805987562065920
237,1349804748904542212,Reuters,France moves up start of coronavirus curfew to 6 p.m. from 8 p.m https://t.co/LfzeKukRp3 https://t.co/FMMGz2UTQP,2021-01-14 19:45:04,1349804748904542212
238,1349804729291870208,Reuters,"Britain‚Äôs former world number one Andy Murray tested positive for COVID-19 and his participation in next month‚Äôs Australian Open is in doubt, local media reported https://t.co/TOL6BjHqjV https://t.co/GjKP2lG1Ao",2021-01-14 19:45:00,1349804729291870208
239,1349803553305604097,Reuters,Anne Hathaway races to release 'Locked Down' COVID-19 rom-com https://t.co/aa3PV0xA3U https://t.co/cVFHnGUlyX,2021-01-14 19:40:19,1349803553305604097
240,1349803470828822534,Reuters,"European Food Safety Agency has paved the way for mealworms to be used in curries and as a flour to make biscuits, pasta and bread https://t.co/sI5oqUgjwc https://t.co/YKMHGoiZZx",2021-01-14 19:40:00,1349803470828822534
241,1349802227800666113,Reuters,"COVID-19, renewed benefits boost U.S. weekly jobless claims https://t.co/I2hcZeofRM https://t.co/5HBTkGSWfB",2021-01-14 19:35:03,1349802227800666113
242,1349802212621484035,Reuters,Ugandans wearing face masks voted as police and soldiers patrolled the streets of the capital during a presidential election pitting long-time leader Yoweri Museveni against popular singer Bobi Wine https://t.co/2zOTPHkmmg https://t.co/V6YvPTe8ud,2021-01-14 19:35:00,1349802212621484035
243,1349801043291484162,Reuters,Google closes deal to buy Fitbit as U.S. Justice Department probe continues https://t.co/ap3zYg2Bzs https://t.co/j5DhhevEwU,2021-01-14 19:30:21,1349801043291484162
244,1349800956716752897,Reuters,Mexico‚Äôs first Antarctic penguin was born as part of a five-year conservation project üêß https://t.co/axfUqKKugK,2021-01-14 19:30:00,1349800956716752897
245,1349799729908101126,Reuters,China steals march on West in developing nations' vaccine rollout https://t.co/NOJ67nY7dm https://t.co/pucWZCvxpK,2021-01-14 19:25:08,1349799729908101126
246,1349798631054970881,Reuters,U.S. commission says China possibly committed 'genocide' against Xinjiang Muslims https://t.co/NBOmMn8qmb https://t.co/ZtnXpdyPln,2021-01-14 19:20:46,1349798631054970881
247,1349798473261002755,Reuters,‚ö°Ô∏è ‚ÄúTigers attack as Indians are forced into the forest by climate change‚Äù by @ReutersScience https://t.co/egqYZwh8mt,2021-01-14 19:20:08,1349798473261002755
248,1349797250269110274,Reuters,Emirates to temporarily suspends flights to South Africa https://t.co/oa0zrfPXar https://t.co/b4hvTtCdYk,2021-01-14 19:15:17,1349797250269110274
249,1349795952282972160,Reuters,Breakingviews - France‚Äôs Carrefour defence targets wrong enemy https://t.co/jGcP65BLVG https://t.co/vxw3UrvdGr,2021-01-14 19:10:07,1349795952282972160
250,1349795921228251136,Reuters,The House of Representatives voted to impeach Trump as 10 of his fellow Republicans joined Democrats to charge him with inciting an insurrection in last week‚Äôs violent rampage in the Capitol https://t.co/gCBeVmdrsk,2021-01-14 19:10:00,1349795921228251136
251,1349794682251997189,Reuters,"Lady Gaga, Jennifer Lopez to perform at diverse Biden inauguration https://t.co/GprtF0cvIw https://t.co/JkpiDqHhQQ",2021-01-14 19:05:04,1349794682251997189
252,1349793445829865474,Reuters,"From @Breakingviews: BlackRock gets even bigger, Delta Air Lines gets slightly less bad news and animal healthcare outfit Zoetis cheers pandemic pet adoption rates. Catch up on the latest pandemic-related financial insights https://t.co/Z2tn89T0FL",2021-01-14 19:00:10,1349793445829865474
253,1349793436640145410,Reuters,Houston Rockets trade frustrated Harden to Brooklyn Nets https://t.co/JlXgYU4DLA https://t.co/oSEot2aJKi,2021-01-14 19:00:07,1349793436640145410
254,1349793410723377157,Reuters,"‚ÄòAnything is possible, but as the host of the Games we need to do whatever we can,‚Äô Japanese cabinet minister Taro Kono said about the decision to hold the once-delayed #TokyoOlympics https://t.co/r2us4Icor3 #ReutersNext https://t.co/o0IvwbIpa8",2021-01-14 19:00:01,1349793410723377157
255,1349792198477443073,Reuters,Philippines' Duterte says presidency no job for a woman https://t.co/o7M1y0BLgb https://t.co/ymnL4POj2t,2021-01-14 18:55:12,1349792198477443073
256,1349792146258161664,Reuters,French Finance Minister @BrunoLeMaire said a foreign company purchasing supermarket retailer Carrefour would be a ‚Äòmajor difficulty‚Äô for the government because of the need to guarantee food security for citizens. Follow #ReutersNext updates here: https://t.co/4MgFy4AYnD https://t.co/2h7cmN1GdK,2021-01-14 18:55:00,1349792146258161664
257,1349791010029793283,Reuters,UK bans arrivals from South America over Brazil coronavirus variant https://t.co/iDDAiSXuN8 https://t.co/IeJFfc6rMa,2021-01-14 18:50:29,1349791010029793283
258,1349790832791007232,Reuters,‚ö°Ô∏è ‚ÄúUgandans vote in election pitting long-time leader Yoweri Museveni against Bobi Wine‚Äù by @Reuters https://t.co/eS9Ccr0mda,2021-01-14 18:49:47,1349790832791007232
259,1349789943917400068,Reuters,"From @Breakingviews: The COVID-19 pandemic has helped turn two-wheeled transportation into an essential part of urban traffic, giving startups which offer shared scooters in Europe a new lease of life, writes @KarenKKwok https://t.co/VRIOztsvW7",2021-01-14 18:46:15,1349789943917400068
260,1349789719727632390,Reuters,Russia's 'Children of the Gulag' battle to return home after exile https://t.co/WBIbdFbjhp https://t.co/TCdP6QxkwF,2021-01-14 18:45:21,1349789719727632390
261,1349789629545811968,Reuters,WATCH: What is Parler and why has it been pulled offline? @lucyha102 explains https://t.co/SuxADqOWTj https://t.co/jErickjwZk,2021-01-14 18:45:00,1349789629545811968
262,1349788508324560899,Reuters,U.S. charges MIT professor with grant fraud for failing to disclose Chinese ties https://t.co/p0Q0X8ZNB1 https://t.co/0Bvk0Tk8mK,2021-01-14 18:40:32,1349788508324560899
263,1349788371908890625,Reuters,"At the #ReutersNext conference, Lululemon CEO Calvin McDonald speaks about the challenges that the pandemic has created as well as plans for a post-COVID world. Follow #ReutersNext updates here: https://t.co/4MgFy4AYnD https://t.co/LxXvAZ2lJm",2021-01-14 18:40:00,1349788371908890625
264,1349787175043424258,Reuters,American Airlines readies non-mandatory COVID-19 vaccine rollout for workers https://t.co/yHRMTO2dcC https://t.co/Un2xRh5Bku,2021-01-14 18:35:15,1349787175043424258
265,1349785950914797570,Reuters,"Top U.N. officials urge U.S. to revoke blacklisting of Yemen's Houthis, warn of famine https://t.co/tQxsXeZ4rn https://t.co/COsPlxzhwL",2021-01-14 18:30:23,1349785950914797570
266,1349785855142072321,Reuters,Delta Air Lines CEO Ed Bastian expects 2021 to be ‚Äòthe year of recovery‚Äô after the coronavirus pandemic cut operating revenue by 64% and prompted its first annual loss in 11 years https://t.co/uWMkKPwow7 https://t.co/XgUCgZC0ip,2021-01-14 18:30:00,1349785855142072321
267,1349785708739907592,Reuters,Museveni has been in power since 1986 and calls Wine an upstart backed by foreign governments and says his administration guarantees stability and progress. There are 17.7 million registered voters and results are expected within 48 hours https://t.co/jwWYnSoJgr https://t.co/unkWR1V2Hz,2021-01-14 18:29:25,1349783931571343362
268,1349785367113850882,Reuters,"Wine, 38, is channeling the anger of many young Ugandans who say former guerrilla leader Museveni, now 76, is an out-of-touch dictator failing to tackle unemployment, corruption and surging public debt https://t.co/pB1F9mWdY2",2021-01-14 18:28:03,1349783931571343362
269,1349784852544036865,Reuters,"The government in the East African country of nearly 46 million people ordered an internet blackout until further notice on Wednesday, a day after it banned all social media and messaging apps https://t.co/7xc2HU3fjj",2021-01-14 18:26:01,1349783931571343362
270,1349784693277925379,Reuters,"Tata puts post-pandemic bet on digital, electronics and health https://t.co/wiWB5qEwjF https://t.co/525wC947rE",2021-01-14 18:25:23,1349784693277925379
271,1349784550411526146,Reuters,"Long lines of voters snaked out of polling stations visited by @Reuters in Kampala, a stronghold for an opposition galvanized by popstar-turned-politician Wine despite a campaign scarred by deadly crackdowns https://t.co/IAypTv1yb6",2021-01-14 18:24:49,1349783931571343362
272,1349783931571343362,Reuters,Ugandans wearing face masks to brave the pandemic voted as police and soldiers patrolled the streets of the capital during a presidential election pitting long-time leader Yoweri Museveni against Bobi Wine https://t.co/jwWYnSoJgr https://t.co/XTKOd4VhTX,2021-01-14 18:22:21,1349783931571343362
273,1349783422730973185,Reuters,U.S. charges MIT professor with grant fraud for failing to disclose Chinese ties https://t.co/DeRCjAgnJC,2021-01-14 18:20:20,1349783422730973185
274,1349783338454757382,Reuters,"The Indianapolis Zoo welcomed the birth of two Gentoo penguin chicks, with one of the hatched birds being raised by a same-sex pair üêß https://t.co/I3bOJoyZH4",2021-01-14 18:20:00,1349783338454757382
275,1349782566170210305,Reuters,"‚ö°Ô∏è Off-duty cops and other officials face reckoning after rallying for Trump in D.C

https://t.co/ljz0CpGfjq",2021-01-14 18:16:56,1349782566170210305
276,1349782129887084547,Reuters,U.S import prices accelerate on higher energy costs https://t.co/na7bOcGPvA https://t.co/SN8HZ5qDnT,2021-01-14 18:15:12,1349782129887084547
277,1349782080671129602,Reuters,"Canada and other U.S. allies are looking to President-elect Joe Biden to re-engage with the world on such issues as climate change and free trade, Canadian Prime Minister Justin Trudeau said in a #ReutersNext interview https://t.co/YQnfOfpgVv https://t.co/LEw4dU6ofp",2021-01-14 18:15:00,1349782080671129602
278,1349780929921884161,Reuters,"COVID-19, renewed benefits boost U.S. weekly jobless claims https://t.co/CJVtlUhNHl https://t.co/p9iGGRekan",2021-01-14 18:10:26,1349780929921884161
279,1349780821528424450,Reuters,"Tesla has been asked by U.S. regulators to recall 158,000 Model S and Model X vehicles over media control unit failures that could pose safety risks by leading to touchscreen displays not working https://t.co/ER2sdADrgv https://t.co/kr0d4zEefr",2021-01-14 18:10:00,1349780821528424450
280,1349779642669027330,Reuters,Record 4.5 million people on English hospital waiting lists in November https://t.co/M5YBq86uJf https://t.co/ge1JjYcOrk,2021-01-14 18:05:19,1349779642669027330
281,1349778366153502721,Reuters,"Washington locks down, Delta bans guns to D.C. ahead of inauguration https://t.co/nztDZvvohI https://t.co/2zbhFxGiUe",2021-01-14 18:00:14,1349778366153502721
282,1349777096705454082,Reuters,Biden to pick former South Carolina Democratic Party chair Harrison to head DNC: source https://t.co/YYeRYgTIMD https://t.co/9SnlhYnGZw,2021-01-14 17:55:12,1349777096705454082
283,1349776266975711232,Reuters,New York state Attorney General Letitia James sued New York City Mayor Bill De Blasio and the city‚Äôs police commissioner over allegations the police used excessive force against racial justice protesters last year https://t.co/67QWXHec7q,2021-01-14 17:51:54,1349776266975711232
284,1349775909985857536,Reuters,Man suspected of throwing fire extinguisher at police in U.S. Capitol is arrested https://t.co/gJv1B0gWfx https://t.co/9gz1nN5QEb,2021-01-14 17:50:29,1349775909985857536
285,1349774576927076357,Reuters,Germany plays catch-up in bid to monitor coronavirus mutations https://t.co/IB6Ydhq304 https://t.co/4qvyyUxOIJ,2021-01-14 17:45:11,1349774576927076357
286,1349774530428846083,Reuters,"Amazon film ‚ÄòOne Night in Miami‚Äô recounts a 1964 meeting between boxer Muhammad Ali, soul singer Sam Cooke, civil rights activist Malcolm X and football player Jim Brown https://t.co/LhLtqMkaVy https://t.co/VCvwj8AZga",2021-01-14 17:45:00,1349774530428846083
287,1349773337841512449,Reuters,WhatsApp faces first legal challenge in India over privacy https://t.co/nsdcA8tO7D https://t.co/ViKJCqXI5M,2021-01-14 17:40:15,1349773337841512449
288,1349773271701438464,Reuters,Alibaba and other top Chinese tech firms can breathe a little easier. @Reuters sources say the Trump administration has dropped plans to add them to an investment blacklist https://t.co/4eDksPzu8D https://t.co/5AsCMFs4yF,2021-01-14 17:40:00,1349773271701438464
289,1349772115491303424,Reuters,"Delta puts 880 people on no-fly list over masks, others for unruly behavior https://t.co/5JIJtJoxPi https://t.co/91xtoc1cah",2021-01-14 17:35:24,1349772115491303424
290,1349771835735465989,Reuters,Federal Reserve Chair Jerome Powell participates in a virtual event with Princeton University https://t.co/LSNSUpiNEA,2021-01-14 17:34:17,1349771835735465989
291,1349770801793413123,Reuters,"No jab, no job? UK plumbing firm exploring vaccine rules for staff https://t.co/jCSjfJM4N1 https://t.co/obpfVHV3ob",2021-01-14 17:30:11,1349770801793413123
292,1349770776308662273,Reuters,"Canadian Prime Minister Justin Trudeau, speaking at the #ReutersNext virtual conference, said he was opposed to the idea of obliging people to carry digital proof that they had been vaccinated against COVID-19 https://t.co/MRBWKbifVs",2021-01-14 17:30:05,1349770776308662273
293,1349770757769998342,Reuters,Pharmacies in the UK are set to start administering COVID-19 vaccines. The government seeks to accelerate the rollout of shots to millions of people a week to meet an ambitious delivery target https://t.co/TamuDO8HiX https://t.co/59TlVOfqAm,2021-01-14 17:30:00,1349770757769998342
294,1349769588515471366,Reuters,German vaccine institute praises efficacy of Astra-Oxford vaccine https://t.co/zZY9zINa8U https://t.co/kGLQuFsMmd,2021-01-14 17:25:22,1349769588515471366
295,1349769496945283073,Reuters,"A huge fire swept through the Rohingya refugee camps in southern Bangladesh, the United Nations said, destroying homes belonging to thousands of people https://t.co/madoEw3dcI https://t.co/Z80kgXW7sq",2021-01-14 17:25:00,1349769496945283073
296,1349768369931747329,Reuters,"Microsoft, Cigna form coalition for digital records of COVID-19 vaccination https://t.co/ME4wHeT37L https://t.co/VSWNxFSh91",2021-01-14 17:20:31,1349768369931747329
297,1349767667817852932,Reuters,"From @Breakingviews: Catch up with the latest pandemic-related financial insights, from Indonesia‚Äôs vaccine rollout to fast fashion, in the latest edition of Corona Capital https://t.co/YaQr7YhscC",2021-01-14 17:17:44,1349767667817852932
298,1349767048138809347,Reuters,Delta calls 2021 year of recovery after first loss in 11 years https://t.co/iwQYxK5ku1 https://t.co/g15WlTsIVq,2021-01-14 17:15:16,1349767048138809347
299,1349766980908183552,Reuters,Labelled ‚Äòfrom the land of Israel‚Äô wine produced in an Israeli settlement in the occupied West Bank is expected to soon be available for sale in the United Arab Emirates https://t.co/z76N2Bziv9 https://t.co/AV9zZTvJTm,2021-01-14 17:15:00,1349766980908183552
300,1349765817676783628,Reuters,"Canada, allies expect Biden to re-engage U.S. on world stage - Trudeau https://t.co/gS8nU2GJXi https://t.co/o5FSwqAbG3",2021-01-14 17:10:23,1349765817676783628
301,1349765722172502016,Reuters,"Campaigns are hindering the industry‚Äôs efforts to achieve sustainability certification and develop a market for certified sustainable palm oil, top producers said during the #ReutersNext conference https://t.co/ixREZAKRos https://t.co/ZjGtrwABA4",2021-01-14 17:10:00,1349765722172502016
302,1349764548815966209,Reuters,"Exclusive: Long-withheld Pentagon survey shows widespread racial discrimination, harassment https://t.co/Wl7JpiGTUu https://t.co/PfgqV9m9vr",2021-01-14 17:05:20,1349764548815966209
303,1349763323634606087,Reuters,New York AG sues NYC police for excessive force against protesters https://t.co/atZLGonGEj https://t.co/hnaflHGtZT,2021-01-14 17:00:28,1349763323634606087
304,1349762021735206914,Reuters,Column: Big freeze exposes Asia's underlying energy crisis https://t.co/ZmObnMiCnx https://t.co/m6dxWhUqdh,2021-01-14 16:55:18,1349762021735206914
305,1349761090591346690,Reuters,"‚ö°Ô∏è What will Congress do now that Trump has been impeached a second time?

https://t.co/rHW90puKr5",2021-01-14 16:51:36,1349761090591346690
306,1349760731630215168,Reuters,"Brazil to start COVID vaccinations on January 21, says Senator https://t.co/za0Yz8iBCl https://t.co/MUAruauhTZ",2021-01-14 16:50:10,1349760731630215168
307,1349759482352578562,Reuters,"American Airlines to offer COVID-19 vaccines to employees at hub airports, director says https://t.co/hnqsjgIgbx https://t.co/UkSSwjcq9b",2021-01-14 16:45:12,1349759482352578562
308,1349758275433193472,Reuters,Danish ex-minister faces impeachment in 'child bride' case https://t.co/survlfFRqR https://t.co/iKkcLVjzaM,2021-01-14 16:40:24,1349758275433193472
309,1349758172345503744,Reuters,Mealworms may soon find their way into Europe's pasta bowls and dinner dishes after becoming the first insect approved in the region as a human food https://t.co/sI5oqTYI7C https://t.co/fZ9g38L9cv,2021-01-14 16:40:00,1349758172345503744
310,1349756966730686468,Reuters,"Dow, Nasdaq hit record highs as focus turns to Biden's stimulus plan https://t.co/oW0SNcNtj7 https://t.co/Q0g05blbSt",2021-01-14 16:35:12,1349756966730686468
311,1349756914171867136,Reuters,"After months of political campaigning and political violence, Uganda's election day finally arrived with police and soldiers patrolling the streets of the capitol, voters in face masks and an internet blackout https://t.co/2zOTPHkmmg https://t.co/MgJv0jpkPU",2021-01-14 16:35:00,1349756914171867136
312,1349755762025836545,Reuters,The loss of support from both Republicans who love Donald Trump and those who hate him represents a crisis for a party already struggling to cobble together a winning national coalition. Here is a look at what American voters say https://t.co/THCWWh5ByT https://t.co/kDbhXGZR8r,2021-01-14 16:30:25,1349755762025836545
313,1349755700944261121,Reuters,"EU's top court gives opinion in first Irish language case, on pet medicine https://t.co/nOOWNGNM0s https://t.co/9yj0M9wBgX",2021-01-14 16:30:11,1349755700944261121
314,1349755656929087488,Reuters,"The number of Americans filing first-time applications for unemployment benefits surged last week, confirming a weakening in labor market conditions as a worsening COVID-19 pandemic disrupts operations at restaurants and other businesses https://t.co/ddj1u5Nept https://t.co/RP5h7qCJVF",2021-01-14 16:30:00,1349755656929087488
315,1349755533444567041,Reuters,"#ReutersNext: Canada's Prime Minister @JustinTrudeau discusses a range of topics, including COVID-19 and climate change https://t.co/QtnuCpIIpR",2021-01-14 16:29:31,1349755533444567041
316,1349754450345418752,Reuters,Gaza man with disabilities conquers karate https://t.co/SBtnzbLIVQ https://t.co/nQmDTrsBbF,2021-01-14 16:25:12,1349754450345418752
317,1349754397614600202,Reuters,A one-of-a-kind original Tintin painting is expected to sell for more than $2.4 million at a Paris auction house https://t.co/SrQU6XHbJY https://t.co/P2BZtRpdNi,2021-01-14 16:25:00,1349754397614600202
318,1349753194226851840,Reuters,Guatemala authorizes use of force as migrants mobilize for U.S.-bound caravan https://t.co/VXlnx3zxEz https://t.co/llXr5fLAeA,2021-01-14 16:20:13,1349753194226851840
319,1349751979619311616,Reuters,"COVID-19, renewed benefits boost U.S. weekly jobless claims https://t.co/MCqC7ECGs1 https://t.co/r6J3y3HNFd",2021-01-14 16:15:23,1349751979619311616
320,1349750674448392194,Reuters,"Samsung launches new flagship Galaxy S smartphone early, targets remote workers, gamers https://t.co/BNCI7DXeAk https://t.co/L1arouASRf",2021-01-14 16:10:12,1349750674448392194
321,1349749420674473984,Reuters,Exclusive: India to treat homegrown COVID-19 vaccine same as AstraZeneca's https://t.co/R7iQYNxqzQ https://t.co/5bYvuXuPRp,2021-01-14 16:05:13,1349749420674473984
322,1349748191076429824,Reuters,Emirates to temporarily suspends flights to South Africa https://t.co/W29pSyqoma https://t.co/yYDqKulw6c,2021-01-14 16:00:20,1349748191076429824
323,1349747633192132614,Reuters,Lady Gaga and Jennifer Lopez will take the stage at President-elect Joe Biden‚Äôs inauguration ceremony in Washington next week alongside others in what his transition team said would showcase a diverse America https://t.co/Hi6X231V9S https://t.co/ByPWueQCt9,2021-01-14 15:58:07,1349747633192132614
324,1349746907967586304,Reuters,Ugandans choose between long-time leader and popstar politician https://t.co/v7zVO7Weo6 https://t.co/uxpKhpB6SE,2021-01-14 15:55:14,1349746907967586304
325,1349746847791763456,Reuters,Two members of the WHO delegation to Wuhan have been forced to remain in Singapore after they tested positive for coronavirus antibodies https://t.co/d2XqXKstah https://t.co/J3IDv7HXmP,2021-01-14 15:55:00,1349746847791763456
326,1349745628650348544,Reuters,Top U.S. Justice Dept antitrust official to resign effective Jan 19 https://t.co/JfmrZFVwot https://t.co/U4UDq2TDDY,2021-01-14 15:50:09,1349745628650348544
327,1349745589517369344,Reuters,"On the second Monday of January, Japanese youth who have turned or are about to turn 20 celebrate Coming of Age Day, the rite of passage to adulthood. Here are some @reuterspictures images from Yokohama https://t.co/mikjjydLNB https://t.co/iqQrBLTdix",2021-01-14 15:50:00,1349745589517369344
328,1349744525321891845,Reuters,"Experts including @Joshuawolf, @HeatherHPierce and @JosephPetrosino share what you should know before you get a COVID-19 vaccine #AskReuters https://t.co/5Yb7H0oV8V https://t.co/MMKgAjrDh1",2021-01-14 15:45:46,1349744525321891845
329,1349744381771866112,Reuters,"Wary of Biden tack on Iran, Israel revisits military options, newspaper says https://t.co/U2NBlgAB6D https://t.co/Nk94Zc7Cc4",2021-01-14 15:45:12,1349744381771866112
330,1349743118627823616,Reuters,Planters say anti-palm oil campaigns hinder sustainability shift https://t.co/iuBglnw9zH https://t.co/v9MJM8JeYL,2021-01-14 15:40:11,1349743118627823616
331,1349743072834273282,Reuters,Japanese startup Archelis has designed a wearable exoskeleton leg to assist factory workers whose jobs require them to stand for hours in one place https://t.co/xRPmwf6R4Y,2021-01-14 15:40:00,1349743072834273282
332,1349742193355927554,Reuters,At least two Capitol police officers have been suspended and more than a dozen others are under investigation for alleged dereliction of duty or aiding or abetting rioters https://t.co/Dnm44AFlzP by @LindaSoReports @andreajanuta and @MJBerens1,2021-01-14 15:36:30,1349742183084126210
333,1349742191338545152,Reuters,"At least 50 elected officials and others in public sector jobs are facing internal inquiries or investigations that, in some cases, have resulted in temporary suspensions pending investigations, based on @Reuters examination of public statements, news reports and video footage https://t.co/nKZyKxqAr5",2021-01-14 15:36:30,1349742183084126210
334,1349742187270049804,Reuters,"The mob‚Äôs violent effort aimed to block Congress‚Äô certification of Joe Biden‚Äôs election as president. Since returning home, many have confronted harsh criticism from angry constituents or employers - often because of their own posts on social media https://t.co/GTJWU61ToB",2021-01-14 15:36:29,1349742183084126210
335,1349742183084126210,Reuters,"From off-duty police to firefighters, state lawmakers, teachers, municipal workers and at least one active-duty military officer, dozens of public servants from across the U.S. joined the protests in Washington that turned into a siege on the Capitol https://t.co/Dnm44AFlzP https://t.co/68cW2KBHGS",2021-01-14 15:36:28,1349742183084126210
336,1349741915516887043,Reuters,"Pope Francis, ex Pope Benedict both get Covid-19 vaccine: Vatican https://t.co/TIjX5JWciq https://t.co/piQ9Jt70bm",2021-01-14 15:35:24,1349741915516887043
337,1349741814778109952,Reuters,"Pharmacies in Britain will begin administering the COVID-19 vaccination, as the government seeks to accelerate the rollout of shots to millions of people a week to meet an ambitious delivery target https://t.co/TamuDO8HiX https://t.co/lWQHG388bf",2021-01-14 15:35:00,1349741814778109952
338,1349740641358647296,Reuters,"In that case, involving an accused judge, the court said whether the Senate had properly tried an impeachment was a political question and could not be litigated. If Trump is disqualified, the current Supreme Court might want to clarify whether the move was lawful, Kalt said https://t.co/sX1UswWd18",2021-01-14 15:30:20,1349740553299259392
339,1349740636900089856,Reuters,"Could Trump challenge a disqualification in court?

A Supreme Court case from 1993 makes clear that the court is wary of second-guessing how the Senate handles impeachment https://t.co/77jN9r4rbI",2021-01-14 15:30:19,1349740553299259392
340,1349740632886095876,Reuters,"Under congressional precedent, only a simple majority of both chambers is needed to invoke this penalty. Congress can later remove the disqualification, but only if two-thirds of both houses vote in favor of doing so https://t.co/XrtSlHS9Z6",2021-01-14 15:30:18,1349740553299259392
341,1349740628599582721,Reuters,The provision states that no person shall hold office if they have engaged in 'insurrection or rebellion' against the United States. It was enacted following the Civil War to bar Confederates from holding public office https://t.co/UxPvRUEubD,2021-01-14 15:30:17,1349740553299259392
342,1349740624581447680,Reuters,"What about the 14th Amendment?

Section 3 of the 14th Amendment provides an alternative path for disqualification https://t.co/ZmrWMXQfB3",2021-01-14 15:30:16,1349740553299259392
343,1349740620567506946,Reuters,"But Brian Kalt, a law professor at Michigan State University, said he thought disqualification would require conviction first. To do otherwise would be the equivalent of punishing the president for an offense he did not commit, Kalt said https://t.co/xSUl1WkUPd",2021-01-14 15:30:15,1349740553299259392
344,1349740616452890627,Reuters,"The Supreme Court has made clear that the Senate has wide latitude to determine how it conducts a trial, Campos added https://t.co/0Gfvf6uzDr",2021-01-14 15:30:14,1349740553299259392
345,1349740612376014848,Reuters,"Paul Campos, a professor of constitutional law at the University of Colorado, said he believed a vote to disqualify Trump can be held even if there are not enough votes for conviction https://t.co/LInH1IWTld",2021-01-14 15:30:13,1349740553299259392
346,1349740608244613121,Reuters,"Can Trump be disqualified if he is not convicted by the Senate? 

This is uncharted legal territory, and there is no clear answer, scholars say https://t.co/Zn1P3SWrQN",2021-01-14 15:30:12,1349740553299259392
