text,label
"Brian Sicknick, the Capitol Police officer who died from injuries at the Capitol riot, will lie in honor in the Rotunda next week, congressional leaders announced on Friday night. https://t.co/B4v18KW9rm",politics
Pressure mounted on Republicans to discipline Representative Marjorie Taylor Greene as more videos of her hate speech and conspiracy theories emerged. https://t.co/JqteHtBBsE,politics
"Corky Lee, a photographer who documented the lives and struggles of Asian-Americans and was determined to correct history that omitted them, died on Wednesday of Covid-19. He was 73.
https://t.co/lJFTcQnFFN",entertainment
"The career of Britney Spears ‚Äî and her life, in some ways ‚Äî is at a crossroads. A documentary by The New York Times examines what you might not know about one of music‚Äôs biggest superstars, and her court battle with her father for control of her estate. https://t.co/T1T3pYusJ3 https://t.co/MrfhbRGOM1",entertainment
"A number of previously unremarkable companies saw their share prices jump this week. But none of them spiked like GameStop.

Here's what to know about the market's wild week: https://t.co/MXSK4EfezJ https://t.co/vShAmly2UL",business
"Breaking News: A New York judge ordered Donald Trump‚Äôs company to give investigators documents in a civil inquiry into whether the business misstated its assets.
https://t.co/ixV9BeYcby",business
"Coachella has been canceled, once again, because of the pandemic.

The annual music festival, which draws thousands of fans from around the world to California, was set to begin in April. New dates have not been announced.
https://t.co/x1o6E0OOG3",entertainment
"Three members of the Oath Keepers, a far-right paramilitary group, have been charged with conspiring to breach the U.S. Capitol, but they didn‚Äôt act alone. They were accompanied by 10 other Oath Keepers during the Jan. 6 insurrection. https://t.co/uRzAYuxSrA",politics
President Biden‚Äôs $1.9 trillion aid package could pump enough money into the economy to overheat it. Here‚Äôs why some experts say that‚Äôs a good thing. https://t.co/AObAaQD5vF,business
"According to a dozen former White House officials, their job choices are now roughly these: Stay in Donald Trump‚Äôs direct orbit, as a cluster of advisers have done, or try to find a job in a corner of the political ecosystem that is sympathetic to him. https://t.co/kGR18VIp1F",politics
"Nine retired nuns died of Covid-19 in Adrian, Michigan, in January. ‚ÄúIt‚Äôs numbing,‚Äù said the leader of the religious order. ‚ÄúWe had six women die in 48 hours.‚Äù https://t.co/Dfa6G3TciI",health
"Germany will restrict incoming travel from a handful of countries, including Britain and Ireland. German residents will be able to return, but non-German residents from the areas in question will be refused entry, even with a negative coronavirus test. https://t.co/Jw23upNMw8",health
See more on the U.S. outbreak here: https://t.co/piJWoKAp6L,health
"About 1.2 million vaccine doses are being administered every day in the U.S., with Alaska, West Virginia and Connecticut inoculating people at the highest rates. https://t.co/3p2T7XRuHd https://t.co/OuR0tYJ38t",health
"On average, 3,200 people are still dying from the virus in the U.S. every day, though there are signs that those numbers are beginning to level off. https://t.co/A2pND1YNys https://t.co/JbpzbhMtyw",health
"Despite progress on the case numbers, scientists are worried about the spread of variants. South Carolina, where officials found two cases of the variant first detected in South Africa, is adding cases at the second-highest rate in the country. https://t.co/A2pND1YNys https://t.co/QQ3vqWGZWh",health
"Even with new cases and hospitalizations falling, experts say the risk of catching the virus is extremely high in most of the country. Here's a map of the risk levels by county, based on cases and positivity rates: https://t.co/gTdh3lNxAt https://t.co/83ZU0b8wjl",health
"Reports of new coronavirus cases in the U.S. have dropped to their lowest levels since November, and 48 states are reporting sustained declines in new infections.

Here‚Äôs what to know this week about the pandemic: https://t.co/A2pND1YNys https://t.co/fgv4Afp1zF",health
"Automakers are betting big on the future of electric cars in America, but it would mean major changes to the power grid. Here‚Äôs what it would take. https://t.co/JSmeQkgeLI",business
"Cicely Tyson was a wonder of ‚Äúpoise and punch,‚Äù our critic @Wesley_Morris writes. ‚ÄúShe rarely broke down. She never cracked up. She held it together, lest the rest of us fall apart.‚Äù https://t.co/QEDYHEpCct",entertainment
"President Biden visited wounded troops at Walter Reed on Friday, his first such trip as the military‚Äôs commander in chief. The president‚Äôs eldest son, Beau, was treated at Walter Reed before his death in 2015 of brain cancer.
https://t.co/qojAe83fBR",health
Be patient making your first few pierogi. https://t.co/demEmBle4p,entertainment
"They are young, they are fearless and they are forcing everyone to pay attention. Meet the new generation of stock traders. https://t.co/47CUJ1XqVP",business
"Students at Columbia University have started a tuition strike, saying online instruction is not worth the full cost. An undergraduate education there can cost more than $80,000 a year for students not receiving financial aid. https://t.co/Qt6FhdmUMA",business
"The WHO, now aligning with the CDC‚Äôs stance, says pregnant women may receive Covid-19 vaccines safely: ‚ÄúWe don‚Äôt have any specific reason to believe there will be specific risks that would outweigh the benefits of vaccination for pregnant women.‚Äù https://t.co/HVtrtoQ8pv",health
France has closed its borders to all countries outside of the EU. https://t.co/BwIeuNN5WJ,politics
"A new generation of young, fearless investors has poured into digital trading apps in recent years and, in just a few weeks trading GameStop, they‚Äôve upended Wall Street. ‚ÄúIt‚Äôs risky as hell. But holy cow, it‚Äôs almost like getting a high,‚Äù one trader said. https://t.co/DzfWaSEbVi",business
Here‚Äôs a guide to some of Cicely Tyson‚Äôs most trailblazing and memorable performances. https://t.co/LvHUjT1hHo,entertainment
"Breaking News: Wall Street had its worst week since October, falling more than 3% as it was consumed by a rush of day traders bidding up GameStop and other stocks. https://t.co/3n1hgfKZSk",business
"When reached by phone, Keith Gill‚Äôs mother, Elaine, confirmed that her son was Roaring Kitty.

‚ÄúI‚Äôm proud,‚Äù she said, before hanging up. https://t.co/O6uOJKfZJZ https://t.co/CVexiEmWVP",entertainment
"‚ÄúBy the time someone has symptoms, gets a test, has a positive result and we get the sequence, our opportunity for doing real case control and contact tracing is largely gone,‚Äù the CDC director said. ‚ÄúWe should be treating every case as if it‚Äôs a variant.‚Äù https://t.co/0SHtRJwzHD",health
"John Chaney, the longtime Temple basketball coach, has died at 89. He won over 500 games, mostly with players overlooked by bigger programs. https://t.co/CO8QxZn6mf",sports
"Grape-Nuts, the cereal that‚Äôs made of neither grapes nor nuts, beloved by some and hated by others, is no longer easy to find. https://t.co/tNM0NTYrWS",business
"The EU approved the AstraZeneca vaccine on Friday while moving to restrict exports of the shot, escalating a conflict between the bloc and Britain in the face of severe shortages. https://t.co/1KUke18BV9",health
"Elon Musk is at once a capitalist hero, a glossy magazine celebrity and a bomb-throwing troll with 44 million Twitter followers. The richest man in the world is also, somehow, a hero to the anti-establishment crowd taking on hedge funds over GameStop. https://t.co/ClrPdKYp0q",business
"‚ÄúWhen it comes to global automakers‚Äô electric vehicle plans, all roads lead back to Beijing,‚Äù a former president at General Motors said. https://t.co/hczwc60lep",business
"Kevin Clinesmith, a former FBI lawyer who pleaded guilty to altering an email related to the Russia investigation, was sentenced on Friday to one year of probation and 400 hours of community service. https://t.co/BhkzFvA32a",politics
"Since March of last year, at least 446,000 more Americans have died than would have in a normal year, showing that the true toll of the pandemic may be higher than previously known. See the breakdown by state. https://t.co/QBz75KchvR",health
"Treasury Secretary Janet Yellen echoed President Biden‚Äôs push for swift action on an economic aid package. ‚ÄúWe need to act now. And the benefits of acting now, and acting big, will far outweigh the costs in the long run,‚Äù she said on Friday. https://t.co/HPyNrRQ9Bn https://t.co/Menf9xzfx5",business
"The artist Juan Gris made ‚ÄúStill Life: The Table‚Äù with newsprint, wallpaper, scissors and glue. Here‚Äôs a close look at the revolutionary artistic medium of the 20th century: the collage. https://t.co/coJHFuCza4",entertainment
"‚Äú‚ÄòGomorrah‚Äô doesn‚Äôt belong to us,‚Äù said Luigi de Magistris, the mayor of Naples, Italy. He and others worry that the popular Italian TV show depicts the city as a lawless wasteland. https://t.co/TmfZRwYLNL",entertainment
‚ÄúWe're driving the car at 60 miles an hour while we're building it.‚Äù We visited Dodger Stadium to see the massive challenge of vaccinating Los Angeles. https://t.co/M3jj7S2XSA https://t.co/9E6Bm2wK38,health
"Douglas Latchford, a scholar of Khmer antiquities who was accused of trafficking in looted artifacts, left his vast collection to his daughter. She has returned it to Cambodia.

‚ÄúIt‚Äôs a magical feeling to know they are coming back,‚Äù an official said.
https://t.co/ts6w54mqT0",entertainment
"Democrats are preparing to bypass Republican objections to speed President Biden‚Äôs $1.9 trillion relief package through Congress. ‚ÄúYou have to act now,‚Äù Biden said on Friday. ‚ÄúThe risk is not doing too much. The risk is not doing enough.‚Äù https://t.co/H2iItoIBqm",politics
"Eleven soldiers at Fort Bliss in Texas were hospitalized after ingesting an ‚Äúunknown substance‚Äù during a field training exercise, the Army said on Friday. Two soldiers were in critical condition. https://t.co/Yeg2kGofmt",health
"Mayor Bill de Blasio has proposed an ambitious plan for New York City‚Äôs pandemic recovery, including a City Cleanup Corps of workers focused on beautifying the city, an idea he compared to the Works Progress Administration during the Great Depression. https://t.co/ZDLGpeONXj",business
"Tempting as it may be to join in the GameStop excitement, our markets columnist @jeffsommer suggests investors ‚Äúavoid the urge to make quick profits.‚Äù https://t.co/hQwXYrWPb4",business
"Today‚Äôs Great Read: The pandemic has driven Silicon Valley techies and Wall Street titans to buy homes and move businesses to locations with sun, lower taxes and more relaxed coronavirus lockdowns. For many, that place was Miami. https://t.co/H9Rp3fcKgu",business
"Robinhood curbed trading in cryptocurrencies for some of its customers on Friday, the platform‚Äôs latest restriction in a frenzied week of activity centered on GameStop‚Äôs soaring stock. https://t.co/2p8bW8Womu",business
"Starting Feb. 14, restaurants in New York City can resume indoor dining at 25% capacity, Gov. Andrew Cuomo said. https://t.co/MXOuEKEib2",business
"A Dutch court on Friday ruled that a subsidiary of Shell was liable for oil spills in the Niger Delta in 2006 and 2007. The company was ordered to compensate a small group of farmers and to start purifying contaminated waters.

https://t.co/yxhikbe3tD",business
"Millions of people are now being vaccinated each day worldwide. We‚Äôll be tracking the rollout around the world and in the U.S.

World: https://t.co/qT6pgSRIgU 

U.S.: https://t.co/vuv3PnD4We",health
"Eight different vaccines are being administered around the world.

The Pfizer-BioNTech vaccine, which was found to be 95% effective at reducing coronavirus infections, is currently being used in 49 countries. https://t.co/VRj4RAEJ7F",health
"There is also a striking divide between continents. Vaccination programs have yet to start in Africa, while North America has already administered 4.7 doses per 100 people. https://t.co/GrBXSnMMCD",health
"After the record-speed development of the coronavirus vaccines, the initial rates of vaccinations have become a contentious issue for many countries.

European countries currently trail both the U.S. and the UK by a significant margin. https://t.co/YATdnSpEES",health
"There is already a stark gap between vaccination programs in different countries. 

Israel is vaccinating its population faster than any other country, with 48.9 doses administered for every 100 people. https://t.co/dSZXKMf0Wi",health
"More than 84,900,000 vaccine doses have been administered worldwide, equal to 1.1 doses for every 100 people.

We‚Äôre tracking the global rollout. https://t.co/xwaNUnO6wZ",health
"New York City has one of the most segregated school systems in the U.S. Mayor Bill de Blasio has largely skirted desegregation measures, so it‚Äôs down to his successor to tackle the problem.

Here‚Äôs where the mayoral hopefuls stand on the issue.

https://t.co/YBhJ5dCDxe",politics
"Prosecutors unsealed charges of unlawful entry and disorderly conduct against two brothers who were in the crowd that confronted a Capitol Police officer during the riot. The officer, Eugene Goodman, held the mob at bay so members of Congress could escape. https://t.co/ZdTW5oZXzE",politics
"The pandemic has been tough on virtually everyone, and single people living alone are feeling especially isolated. ‚ÄúOne day I realized it had been three months since I had touched a human being,‚Äù one man said. https://t.co/MAYumVvwL9",health
"As the U.S. sorts through the fallout from Donald Trump‚Äôs presidency, a looming question remains: What will happen with the followers of QAnon and other conspiracy theories?

This is one woman‚Äôs journey out of a world that bends perceptions of reality.

https://t.co/Wx4K2V1RnT",politics
"When Oregon public health workers got stuck in a snowstorm while driving back from a vaccination site, they knew the doses they held would expire in six hours.

So they walked from car to car, with an ambulance crew on hand, to give the shots to drivers. https://t.co/VDN9sqcPya https://t.co/EabztwJ08R",health
"Breaking News: The EU authorized AstraZeneca‚Äôs coronavirus vaccine, but moved to temporarily restrict doses made in the bloc from being shipped abroad. https://t.co/EWK5nlAFoN",health
The Defense Department inspector general will examine whether elite U.S. commando forces are doing enough to comply with the laws of armed conflict. https://t.co/Witdmxqxyj,politics
"Several Republican members of Congress have ties to extremist groups that pushed violent ideas and conspiracy theories, and whose members were among those who stormed the Capitol on Jan. 6. https://t.co/2y2Hv5whwe",politics
"With President Biden now in the White House, migrants who had been overjoyed at his election hoped he would transform immigration policy. But only days into Biden‚Äôs term, many of those same people have grown impatient. https://t.co/AVURVZcFWG",politics
"A web of fake Twitter accounts posted pro-Huawei content in a bid to influence European policymakers over access to 5G networks. The covert campaign, amplified by company executives, suggests a new twist in social media manipulation.
https://t.co/0b4vck9R1c",business
"Breaking News: Mexico‚Äôs virus death toll surpassed India‚Äôs, becoming the third highest in the world. The country‚Äôs president has downplayed Covid-19 for months. https://t.co/h3t3vYto7R",health
"Rabbi Chaim Kanievsky, the spiritual leader of hundreds of thousands of ultra-Orthodox Jews, has become one of the most consequential and controversial people in Israel. He is at the center of tensions over coronavirus restrictions in the country.
https://t.co/JW91INCS9l",politics
Breaking News: Johnson &amp; Johnson announced that its one-dose vaccine provided strong protection against Covid-19. It was less effective against a new variant. https://t.co/Br7iBYdZqx,health
"GameStop shares doubled in premarket trading on Friday, the latest wild price swing spurred by small investors. The company‚Äôs shares have reached as high as $483 and fallen as low as $61 this week. https://t.co/c9eIddGlR9",business
"A Reddit user known as ""Roaring Kitty"" has helped fuel the GameStop frenzy. At one point, his $53,000 investment in the company was worth $48 million.

Keith Gill, a former financial educator for an insurance firm, is the man behind the username. 

https://t.co/xCRWdVfmvL",business
"President Biden's inauguration shattered the fundamentals of the baseless QAnon conspiracy theory. What happens to the theory now? Listen to today‚Äôs episode of The Daily.
https://t.co/fNHoi819Hu",politics
The online brokerage Robinhood said it was raising more than $1 billion from its investors. It faces demands on its cash during a stock market frenzy. https://t.co/sudkH7pBQc,business
Mexico‚Äôs confirmed coronavirus death toll surpassed India‚Äôs to become the world‚Äôs third highest. https://t.co/rIwZQoOnER,health
"As shares of GameStop surged amid a wave of speculative investment by small investors, Point72, the hedge fund run by the Mets owner Steve Cohen, lost nearly 15% this year. https://t.co/3bKX4qngh4",business
China announced that it would no longer recognize certain British travel documents. The move was in retaliation for Britain‚Äôs decision last year to grant potentially millions of Hong Kong residents a path to citizenship. https://t.co/FNoLbIU5FO,politics
Here's a look at some of the highlights worth watching from late-night TV. https://t.co/Y3QLV4kZXE,entertainment
Tashi Wangchuk was released from prison in China. He served a five-year sentence that came after he told The New York Times that Tibetan language education was being repressed. https://t.co/hIhFYA8Kpc,politics
"Angry parents and San Fransisco's mayor criticized the school board‚Äôs decision to change the names of 44 schools that honor historical figures like Jefferson, Lincoln and Paul Revere. https://t.co/XZJV7Ywag7",politics
"Tyler Perry was given the coronavirus vaccine on a TV special. Health officials have been working to promote vaccinations in Black communities, which have been hit disproportionately hard by the virus. https://t.co/XpYqVfJg25",entertainment
"Robinhood, the trading app, said it was raising an emergency infusion of more than $1 billion from its existing investors. The app has grappled with an extraordinarily high volume of trading this week as investors have piled into stocks like GameStop. https://t.co/iRhvZENVMU",business
"‚ÄúThe state and its current authorities have taken the final decision to deprive women of their right to decide about themselves, endanger their lives and, not infrequently, sentence them to torture,‚Äù Poland's human rights officer said. https://t.co/zB2n0Xr3zo",politics
"White leather high-top sneakers with green-and-yellow trim have become a frightful symbol of Afghanistan‚Äôs unending violence. The popular shoes, known as Cheetahs, are often found on the feet of Taliban fighters. https://t.co/75pITHjYJF",politics
"Mississippi officials boast that their prisons have some of the lowest virus infection rates among state prison systems ‚Äî but they also have some of the lowest testing rates.

People incarcerated in the state say they fear for their lives. https://t.co/e9WyaDAvxt",health
Video obtained by The New York Times provides a previously unpublished view of a brutal fight between rioters and police officers at a central entryway on the west side of the U.S. Capitol where a rioter was crushed by a mob. https://t.co/H6RPUOYruX,politics
"The Times later said in a statement that an internal investigation had found that McNeil ""used bad judgment by repeating a racist slur in the context of a conversation about racist language.""
https://t.co/Qc9kKpRQjF",politics
"In his final State of the City address, Mayor Bill de Blasio committed to accelerating New York City's vaccination efforts and set a goal of vaccinating five million New Yorkers by June. https://t.co/zv5XAlTkNf",health
"Your vaccine questions, answered: https://t.co/Y7YlA6iKP0 https://t.co/DpqFjaKQl5",health
A lane on both the Brooklyn and Queensboro Bridges in New York City will be closed to cars and reserved for bicyclists. The new cycling plan was unveiled as part of Mayor Bill de Blasio‚Äôs final State of the City speech on Thursday. https://t.co/5u4JnHR5LV,politics
"Donald McNeil Jr., a New York Times health and science correspondent, has been accused of using a racial slur and making racist comments during a 2019 Times-sponsored trip for high school students, The Times said after a Daily Beast report Thursday. https://t.co/lXGJMx5f3s",politics
"Representative Jim Jordan of Ohio has decided not to run in 2022 for an open seat being vacated by the retirement of a fellow Republican, Senator Rob Portman, an aide said. Jordan was Donald Trump‚Äôs foremost defender in his House impeachment proceedings. https://t.co/KcLJZQMiPf",politics
"Breaking News: Cicely Tyson, the actress whose vivid portrayals of strong African-American women shattered racial stereotypes, died at 96. https://t.co/Civ9w17KEF",entertainment
A snowy owl was spotted in New York City‚Äôs Central Park for the first time in over a century. https://t.co/TOk65nESa2,entertainment
"Robinhood said it would allow ""limited buys"" of GameStop and other volatile stocks after restricting customers‚Äô ability to purchase securities earlier on Thursday. Other retail trading platforms said they would also lift restrictions on trades. https://t.co/LMHj4SYIN3",business
Nightly protests have been planned in Poland this week over a near-total ban on abortion that abruptly came into effect on Wednesday. Advocates are calling on doctors to defy the ruling: ‚ÄúEveryone has a choice.‚Äù https://t.co/GMiWDXPTEm https://t.co/ZaBidsJ8EI,politics
"Merchandise featuring the Senator Bernie Sanders mittens meme has raised $1.8 million for organizations like Meals on Wheels, Feeding Chittenden and groups supporting elderly Vermonters, his campaign said. https://t.co/8HJZfA2AMK",business
"The Pentagon is considering sending active duty troops to large-scale, federally run coronavirus vaccine centers, the first significant sign that the Biden administration is moving to take more control of a program that states are struggling to manage. https://t.co/NmhuK434f2",health
Pregnant women looking for guidance on Covid vaccines are facing the kind of confusion that has dogged the pandemic from the start: The world‚Äôs leading public health groups ‚Äî the U.S. CDC and the World Health Organization ‚Äî are giving contradictory advice. https://t.co/CxUxqcKESR,health
"The acting chief of the Capitol Police has called for ‚Äúvast improvements‚Äù to security on the Capitol grounds, including permanent fencing and ‚Äúthe availability of ready, backup forces.‚Äù A security assessment in 2006 also recommended a permanent fence. https://t.co/p6VrmbZCHL",politics
The family that controlled the car maker Porsche clashed with a group of American hedge funds more than a decade ago in a struggle for power and riches that in some ways foreshadowed the wild trading in GameStop. It ended badly for the hedge funds. https://t.co/MEwAf9KO46,business
The Pentagon says the 40 detainees at Guant√°namo Bay will be given Covid-19 vaccines. The lack of vaccinations there has been a major obstacle to resuming war crimes hearings. https://t.co/rene2fAOmv,health
"Breaking News: Novavax reported that its vaccine works well, except on the variant first found in South Africa, which has now been detected in the U.S. for the first time. https://t.co/w0AFPId9YH",health
"At least six people have died and nine others were injured in a liquid nitrogen leak on Thursday at a poultry plant in Gainesville, Georgia, officials said. https://t.co/Xtu75uMwsh",business
"In addition to strengthening Medicaid and the Affordable Care Act, President Biden took executive action to protect reproductive rights and overturn his predecessor‚Äôs restrictions on the use of taxpayer dollars for clinics that advise patients on abortion. https://t.co/LrENUnQWUC https://t.co/KPo8XLG1N7",politics
"Mississippi officials boast that their prisons have some of the lowest virus infection rates among state prison systems ‚Äî but they also have some of the lowest testing rates.

People incarcerated in the state say they fear for their lives. https://t.co/cpkjvyZc0s",health
"For some people at least, exercising at a certain time of day may lead to more benefits, a new study suggests. https://t.co/bbvCea0EXB",health
"Republican leaders‚Äô decision to name Rep. Marjorie Taylor Greene to the House's education committee is ""absolutely appalling,"" Speaker Nancy Pelosi said. Greene has made previous false claims that the Parkland and Sandy Hook school shootings were staged. https://t.co/pF4JNF65xF https://t.co/4hvcmdUkD0",politics
Senate Democrats on Thursday chose Senator Gary Peters of Michigan to lead their campaign arm as the party seeks to hold onto and expand a razor-thin majority in 2022. https://t.co/LiDuLVt5eB,politics
"""The most unusual thing about Wall Street being challenged by a rowdy band of Redditors is that it took so long to happen,"" our tech columnist @kevinroose writes about the populist investor revolt that started on the Wall Street Bets forum. https://t.co/JLA4l5SQJj",business
The decision by the trading platform Robinhood to restrict individuals‚Äô ability to trade certain stocks like GameStop got Senator Ted Cruz to momentarily agree with Representative Alexandria Ocasio-Cortez on something. https://t.co/I3vo9z51bj,business
"If President Biden wants to quickly enact his $1.9 trillion stimulus proposal over Republican opposition, Democrats have a powerful tool they could use to do it: a process known as budget reconciliation. https://t.co/SMZmysxM7I https://t.co/Qsx9sslzZY",politics
"Breaking News: President Biden signed executive orders to reopen Obamacare enrollment and review Trump administration policies that undermined pre-existing condition coverage. His aim, he said, was to ‚Äúundo the damage Trump has done.‚Äù https://t.co/5ifuLClt83",politics
Health officials in South Carolina said on Thursday that they have detected two cases of a more contagious coronavirus variant that emerged in South Africa. It‚Äôs the first report of this variant being detected in the U.S. https://t.co/1nF2GwHTrb,health
"New allegations have been brought against three Capitol rioters who federal prosecutors claim initiated a plan to recruit ‚Äúas large a following as possible‚Äù ahead of Jan. 6, the latest indication that the authorities believe the attack was coordinated. https://t.co/eYJXlZVXyQ",politics
Here are some of the strict rules the Biden administration has put in place to prevent the spread of the coronavirus inside the White House. https://t.co/oOtgoTum9C https://t.co/Kn6YraB90c,politics
General Motors said Thursday that it aimed to phase out gas-powered cars and trucks and sell only zero-emissions vehicles by 2035. The company plans to spend $27 billion over the next five years to introduce 30 electric vehicles. https://t.co/8st8i6gVZZ,business
"Ella Emhoff, the 21-year-old stepdaughter of Vice President Kamala Harris, has signed with IMG, one of the world‚Äôs most prestigious modeling agencies, reflecting her interest in textile design and the growing importance of brand ambassadors in marketing. https://t.co/UrqYYwXSl4",politics
"For all of Los Angeles‚Äôs mishaps in rolling out coronavirus shots, it has a higher vaccination rate than other large cities and counties.

We spent a day in the parking lot of Dodger Stadium, one of the largest U.S. vaccination sites. Here‚Äôs what we saw. https://t.co/rPq0GCkpOk",health
"Germany‚Äôs vaccination advisory committee is advising against using the AstraZeneca shot on adults 65 and over, saying there is currently not sufficient data to assess its effectiveness in that age group. The German Health Ministry has declined to comment. https://t.co/33dKWfxMq3",health
"Retail stockbrokers like Robinhood, TD Ameritrade and Charles Schwab have added more stocks to their list of companies that are subject to trading restrictions. https://t.co/vOBxzfI1cY",business
"GameStop‚Äôs shares were down 50% by midday Thursday, a sudden reversal as trading platforms including Robinhood limited users trading capabilities after wild gains for small traders and huge losses for some of Wall Street‚Äôs most sophisticated investors.
https://t.co/ynIZ37v5od",business
"There‚Äôs something fun about watching the little guys beat the big guys at their own game, our DealBook columnist @andrewrsorkin writes about traders driving up GameStop‚Äôs stock at the expense of wealthy hedge-fund managers. But the game isn‚Äôt over. https://t.co/elcREAtE8P",business
President Biden will also sign executive actions on Thursday aimed at strengthening Medicaid and overturning his predecessor‚Äôs restrictions on the use of taxpayer dollars for clinics that advise patients on abortion in the U.S. and overseas. https://t.co/wzYS6fAFFk,politics
President Biden plans to reopen enrollment in many of the Affordable Care Act marketplaces from Feb. 15 to May 15 to offer coverage to those who may have lost it during the pandemic and to those who didn‚Äôt have health insurance and now want it. https://t.co/MgJgdiLfzy,health
"The coronavirus can trigger the production of antibodies that mistakenly attack the body‚Äôs tissues instead of the virus, a spate of new studies suggests. These rogue antibodies can persist for months after infection, perhaps causing irreparable harm.
https://t.co/H4tjUaj5QL",health
Republican officials in Pennsylvania have doubled down on their support for Donald Trump since the election. Many are jockeying to prove their pro-Trump credentials and amplify false claims of election fraud ahead of the 2022 primaries. https://t.co/FcEVKwjiWG,politics
"The economy is still in a significant hole. But the rebound has been much stronger than most forecasters expected last spring ‚Äî and some analysts see a light at the end of the tunnel for the pandemic-driven recession.

Read more here. https://t.co/vpnzyegGIX",business
"Despite the slower U.S. growth, the country's economy has bounced back at a far faster pace than in previous recessions. https://t.co/vpnzyegGIX https://t.co/pKj1bh40Ip",business
The latest report on the U.S. economy shows a slowdown at the end of 2020 ‚Äî just 1% GDP growth in the last three months of the year. https://t.co/vpnzyegGIX https://t.co/gXtSFYyLFU,business
"A Russian court on Thursday ordered Aleksei Navalny to remain in jail. The opposition leader, speaking in court by video link, said the decision was intended to scare his supporters, many of whom protested last weekend to demand his release.
https://t.co/BLXq40skCi",politics
"These are the films our film critics, editors and reporters think should be nominated for the Oscars. https://t.co/lgNxqFNR5d",entertainment
First it was GameStop and AMC. Now the traders on Reddit's Wall Street Bets forum have turned their focus to American Airlines stock. https://t.co/J8OoErkDej,business
"Archaeologists have discovered the location of a lost fort in Alaska. The Tlingit people built it in the 1800s to resist Russian invaders, who later destroyed it.

‚ÄúIt‚Äôs a sacred place,‚Äù one researcher said.

https://t.co/dTxZaQB8Yy",entertainment
"The Cuomo administration undercounted coronavirus-related deaths at nursing homes by as much as 50%, New York‚Äôs attorney general said. https://t.co/3L81TxJdNv",health
"Primary Wave Music has acquired the catalog of Sun Records, including songs by Johnny Cash, Jerry Lee Lewis and other pioneers ‚Äî but not the music of one of the label‚Äôs biggest stars, Elvis Presley. https://t.co/qH4bEZ5gJn",entertainment
"Pakistan‚Äôs highest court has ordered the release of Ahmed Omar Sheikh, who was convicted and later acquitted of charges in the murder of Daniel Pearl, a U.S. journalist. Experts say the ruling shows the weakness of terrorism prosecutions in the country. https://t.co/P3zEEkbNZt",politics
"Scott Green, a lifelong civil rights activist, was one of thousands buried in mass graves on New York City‚Äôs Hart Island in 2020. As deaths soared during the pandemic and morgue backlogs grew, some families turned to the potter's field as a last resort.
https://t.co/Xi0mzVJqVM",health
"Biathlon's longtime president, Anders Besseberg, accepted gifts from Russians and did the country‚Äôs bidding, an investigation says. He defended Russia's athletes, assailed its critics and even blocked efforts to root out doping by its teams. https://t.co/cQW7z1bUV6",business
"Breaking News: The U.S. economy grew 1% in the fourth quarter, a 4% annual rate. It was a slowdown, but 2020 wasn‚Äôt as bad as feared last spring.
https://t.co/sxFrx1pcIw",business
"Dozens of women who sued Harvey Weinstein and accused him of sexual abuse will be eligible to share in $17 million in compensation, as part of a bankruptcy court agreement. https://t.co/CfDDIY0plx",business
"Many Democrats want to scrap the filibuster rule, which has contributed to paralysis in the Senate in recent years. Republicans want to keep it. Hear about the history and fate of the tactic on today‚Äôs episode of The Daily. https://t.co/s97HfqsG5Z",politics
U.S. military slams Chinese flights over South China Sea but says they posed no threat https://t.co/RcsZoXgNAB https://t.co/QMCO36gumt,politics
Bar owner Patrick Hughes is looking for ‚Äòsomebody young with fresh blood‚Äô to buy his bars using cryptocurrency. He is selling two New York bars for 25 #Bitcoins or 800 Ethereum https://t.co/DMksshtjlN,sports
Silver Lake cashes out on AMC for $713 million after Reddit-fueled rally https://t.co/1M1zjY6kPt https://t.co/CaD6PGcJck,business
President Joe Biden and Treasury Secretary Janet Yellen urged Congress to take immediate action on the president‚Äôs $1.9 trillion COVID-19 relief proposal https://t.co/F6FKhCKpVR https://t.co/nSwPyqWRN0,politics
Robinhood and its users may have allowed themselves to think the app has made trading completely free. They were wrong. From @Breakingviews: https://t.co/lZfnUYS26W https://t.co/lZfnUYS26W,business
UBS hires Schulte Roth partner to co-head activism defense group https://t.co/uJ62OPhKe3 https://t.co/a0Sn4mYORp,business
"Salla, the self-proclaimed coldest town in Finnish Lapland, highlights climate change with 2032 Summer Olympics bid https://t.co/YemMWU8oEc https://t.co/RDtB8pWy80",sports
Robinhood rejects Massachusetts regulator's charges it encourages risky trading https://t.co/pxfJaMBF8l https://t.co/AjOj3iCvZs,business
"Colombia reaches COVID-19 vaccine agreements with Moderna, Sinovac https://t.co/CRyNBG3954 https://t.co/YtyWeXHIOG",health
"Japanese online fashion retailer Zozo launched skin tone measuring glasses for ordering cosmetics online, making its latest fashion tech offering as it expands beyond apparel https://t.co/ug0eCI2beo https://t.co/UdfFHT1OEn",business
"GE gets dismissal of most of shareholder lawsuit over accounting, disclosures https://t.co/NSchbDVe7h https://t.co/Oci9DLhacX",business
"Johnson tells EU's Von Der Leyen of ""grave"" vaccine concerns https://t.co/sE43ASBD6w https://t.co/qcB6y6XLNl",health
"From @Breakingviews: An investment strategy called short-squeezing seems to have turned financial markets upside down. But it won‚Äôt work indefinitely, and squeezers could get stuck with exposure to dicey companies, says @LiamWardProud https://t.co/YMzftPcOZL https://t.co/ngROQQteMp",business
Ireland welcomes EU reversal on triggering Brexit clause https://t.co/a7qB6FYg6z https://t.co/6ySh55zQVr,politics
Congresswoman urges Biden team to involve more distributors in COVID vaccine shipments https://t.co/7apNWGSXwD https://t.co/sHnB1rqM7p,health
Republican lawmakers press Biden Commerce nominee on Huawei stance https://t.co/3E4RE2b7mU https://t.co/W9stJZljL4,politics
"Vietnam OKs AstraZeneca vaccine, reports 34 new COVID-19 cases https://t.co/OR1C4cyFZ6 https://t.co/gU9ubTOovY",health
A #bitcoin tag on Elon Musk‚Äôs Twitter profile led to a 14% jump in the cryptocurrency https://t.co/djtoDwtSv0 https://t.co/s7rHIsqIY2,business
UK says French travel ban won't affect its hauliers https://t.co/zFJy7wS3TQ https://t.co/wq7yXUMYjH,politics
NBA: Shaq aims to boost high school athletic programs hit by pandemic https://t.co/JwwhgvrgPu https://t.co/cW188Fu0p9,sports
A rare portrait by Italian Renaissance artist Sandro Botticelli was sold for a record $92.2 million at an auction at Sotheby‚Äôs in New York https://t.co/hhIGRiqyvE https://t.co/XDFwH1jJkL,entertainment
Wells Fargo CEO Scharf's pay drops nearly 12% in 2020 https://t.co/PXi2DfjdqJ https://t.co/wzqWHLPAhx,business
International groups offer Mexico help to probe suspected migrant massacre https://t.co/EiCF4yFmm0 https://t.co/e5L9yTTcSI,politics
"When Zimbabwe's rich and powerful get sick, they often go abroad for the best healthcare that money can buy. But with travel curtailed by the global health crisis, the elite are discovering that the country's health system has been crumbling for years https://t.co/tYeutAcIxd https://t.co/WaoSlnvHys",business
Sideshow or main event? GameStop stock ride weighed as bubble warning https://t.co/gh7DYFHl53 https://t.co/qzeUAVNdQ8,business
"H&amp;M, the world's second-biggest fashion retailer, posted a September-November profit drop that was smaller than expected https://t.co/n12ePNELCZ https://t.co/UICRq80rzp",business
Sideshow or main event? GameStop stock ride weighed as bubble warning https://t.co/zdzbyGrCmt https://t.co/xXCCIjGtBw,business
"The thousands of New York City restaurants that have been surviving on takeout business and makeshift outdoor pavilions since mid-December may reopen their indoor-dining areas at 25% of capacity on Valentine's Day, Governor Andrew Cuomo said https://t.co/qcCwhqDZWo https://t.co/rZbq0uGY51",business
Mexican finance minister likely to talk with Yellen next week https://t.co/IZr2seBrqu https://t.co/tjXLOTIVAe,politics
"France can still avoid third coronavirus lockdown, Prime Minister says https://t.co/BCsXyjEX46 https://t.co/lGaY53GpJx",health
Canadian Prime Minister Justin Trudeau said that all arriving airline passengers would be required to take a mandatory COVID-19 test at the airport and then wait in a hotel for up to three days at their own expense until the results arrived https://t.co/6qxsdSgaXR https://t.co/IAqCeXSmz2,health
From @Breakingviews: Both Johnson &amp; Johnson and Novavax reported encouraging trial results for COVID-19 vaccines https://t.co/4R9uAr4fPK https://t.co/4R9uAr4fPK,health
Chicago teachers say COVID-19 safety plan talks to continue with district over the weekend https://t.co/ZEyOeqyJLl https://t.co/QUc2Dyg6HP,politics
"For some Canadian athletes heading to the Tokyo Olympics this summer, the thought of receiving a vaccine before a fellow citizen in greater need would undermine the meaning of being an Olympian https://t.co/z94ZEqKkF9 https://t.co/Ld8pgFrIcR",sports
U.S. agencies in talks to finalize Biden transportation mask mandate https://t.co/czwQbeGok3 https://t.co/1rRYMRu7c9,politics
Novavax expects to produce 150 million vaccine doses per month as early as May: CEO https://t.co/3JNY0GFXRK https://t.co/OPHbF1EyuM,health
Top U.S. infectious-disease specialist Anthony Fauci said the variations in effectiveness of COVID-19 vaccines around the world underlined the need to vaccinate as many people as quickly as possible to prevent new variants from emerging https://t.co/JHoXVG3ujU https://t.co/dTiLsEMLbk,health
"President Joe Biden said that Congress needs to take immediate action on his $1.9 trillion COVID-19 relief proposal, adding that most economists believe additional economic stimulus is needed https://t.co/F6FKhD20Np https://t.co/tBQSp48u71",business
"Coachella and Stagecoach music festivals, scheduled for April in California, have been canceled again by local health officials due to the pandemic https://t.co/7BLI9zrzHv https://t.co/IeaVdd7yAZ",entertainment
"49.2 million doses of COVID-19 vaccines distributed, 27.9 million administered: U.S. CDC https://t.co/JWxwhpGiEV https://t.co/TsHrCVNwmC",health
"Johnson &amp; Johnson said that its single-dose vaccine was 66% effective in preventing COVID-19 in a global trial. Data showed the vaccine‚Äôs effect on the South Africa variant was diminished compared to the unaltered virus, but experts said it can still help https://t.co/C9QD3LqXPt https://t.co/sI7XLDOMlT",health
"Fed's Daly sees sharp rebound, then slower slog back to pre-pandemic economy https://t.co/cBqL7lmD7c https://t.co/kSVWqs64Cf",business
Republican lawmakers press Biden Commerce nominee on Huawei stance https://t.co/4GI2nJaZNL https://t.co/9oWFoiqlfO,politics
"After outcry, EU reverses plan to restrict vaccine exports through Irish border https://t.co/alUYWXS0Yl https://t.co/BNKvHvDV8a",health
"Empty halls, cancelled shots: France's COVID vaccine rollout falters https://t.co/6MFy9qP3mj https://t.co/BWdLcrDecv",health
EU stokes anger with plan to restrict vaccine exports through Irish border https://t.co/to9lGrcCo5 https://t.co/knbpHJzTNv,politics
"Unable to travel overseas for healthcare due to the coronavirus pandemic, the rich and powerful in Zimbabwe are discovering that the country's health system has been crumbling for years and is now in danger of being overwhelmed https://t.co/tYeutAujoL https://t.co/QH81NB9z9H",health
UK and Irish prime ministers talk over EU-Northern Ireland vaccine row https://t.co/palT5YMyTv https://t.co/4Q1J1B6LX8,politics
"President Biden said that Congress needs to take immediate action on his $1.9 trillion COVID-19 relief proposal. ‚ÄòWe have to act now,‚Äô he told reporters https://t.co/F6FKhCKpVR https://t.co/hGyveHog32",business
U.S. likely to start COVID-19 vaccination in children by late spring or early summer - Fauci https://t.co/PDYxVWcysd https://t.co/0ZfeTfO2XI,health
"Europe's medicines regulator gave an approval for the use of AstraZeneca‚Äôs COVID-19 vaccine for people above 18, as the European Union struggles to get more shots and speed up its program https://t.co/MuRSB05sSO https://t.co/EIQv0y7vCJ",health
J&amp;J vaccine effective in preventing severe disease; a mother's COVID-19 antibodies may protect newborns https://t.co/rXzoWewA28 https://t.co/R1FNEl1RWa,health
U.S. agencies in talks to finalize Biden transportation mask mandate https://t.co/cYahNwGNVE https://t.co/VNn4JJ4NIF,politics
EU Commission gives final approval to AstraZeneca vaccine https://t.co/y53JTs8Z45 https://t.co/n6ubYyfAlK,health
Novavax expects to produce 150 million vaccine doses per month as early as May: CEO https://t.co/yoLLbcTvvp https://t.co/mPybnfrqKj,health
"Canadian racewalker Evan Dunfee said that if athletes were to be given priority in receiving a vaccine, it ‚Äòwould sour public opinion and just turn the community against us‚Äô https://t.co/qiJcQPUFNV https://t.co/ivyPijSl72",sports
Biden says action on COVID-19 stimulus needed 'now' https://t.co/nJ83LpQNGy https://t.co/gKoeucAWEW,politics
Top U.S. infectious-disease specialist Anthony Fauci underscored the need to vaccinate as many Americans as quickly as possible to prevent new COVID variants from emerging https://t.co/JHoXVG3ujU https://t.co/XICA2ywwjD,health
U.S. must be prepared to impose costs on China - Biden security adviser https://t.co/yEO04Remh6 https://t.co/mtx2gRCid7,politics
Johnson &amp; Johnson said that its single-dose vaccine was 66% effective in preventing COVID-19 in a global trial against multiple variants. The level of protection from moderate to severe cases varied from 72% in the U.S. to 57% in South Africa https://t.co/C9QD3LqXPt https://t.co/qZYAMK125u,health
"President Joe Biden called on Russian President Vladimir Putin to release jailed Kremlin critic Alexei Navalny during their phone call this week, White House spokeswoman Jen Psaki told reporters https://t.co/PejqxjwHAx https://t.co/Ek8uEn3VkW",politics
"Canadian airlines to cancel Mexico, Caribbean flights amid vaccine shortfall https://t.co/6lhrZC9Aac https://t.co/PueUGOu3LL",business
"Fabienne Garbo's father suffers from an illness like Alzheimer's and was eligible for a COVID-19 shot as soon as France started vaccinating care home residents, but she hasn‚Äôt signed the consent form yet due to vaccine fears https://t.co/LR2TlyeTE3 https://t.co/fwCmBcop8u",health
"European Union regulators approved AstraZeneca's COVID-19 vaccine for people over the age of 18, after it demonstrated an efficacy of around 60% during trials  https://t.co/MuRSB05sSO https://t.co/IM3slVuEQk",health
"President Joe Biden and Treasury Secretary Janet Yellen said that Congress needs to take immediate action on the $1.9 trillion COVID-19 relief proposal, adding that most economists believe additional economic stimulus is needed. More here: https://t.co/F6FKhCKpVR https://t.co/6QayxUmIDa",business
"EU restricts vaccine supply to Northern Ireland, UK considering response https://t.co/fGjErHe5A1 https://t.co/4KJQORCZom",health
"Empty halls, cancelled shots: France's COVID vaccine rollout falters https://t.co/OeZ9v0gJiv https://t.co/Ygii07nvVK",health
"President Joe Biden and Treasury Secretary Janet Yellen said that Congress needs to take immediate action on the $1.9 trillion COVID-19 relief proposal, adding that most economists believe additional economic stimulus is needed https://t.co/F6FKhD20Np https://t.co/i8RaKQqyfB",business
"Happening soon: Ask @KrutikaKuppalli, @camwolfe, @celiacdisease and medical editor Christine Soares anything about COVID-19 vaccines on @Reddit. Submit your questions here üëâ https://t.co/6FDGyf9NHw https://t.co/8zmBYo9KSP",health
J&amp;J vaccine effective in preventing severe disease; a mother's COVID-19 antibodies may protect newborns https://t.co/RJy2m4S3tr https://t.co/Y5nPrllp3b,health
Biden to sign order to modernize the U.S. immigration system on Tuesday https://t.co/slGaBclano https://t.co/LFCAYF0dqQ,politics
U.S. likely to start COVID-19 vaccination in children by late spring or early summer - Fauci https://t.co/MhrGZfesPj https://t.co/DI81QMH2Fo,health
Biden priority is dealing with Iran's growing fissile material stockpile - Sullivan https://t.co/jzdmKc5Acd https://t.co/8Nh63HT65n,politics
European regulator gives green light for Astra-Oxford COVID-19 vaccine https://t.co/HFrQX5JcQy https://t.co/08ohXKMG7o,health
"About ten percent of French people are refusing a COVID-19 shot amid vaccine fears, according to the country‚Äôs care home federation https://t.co/LR2TlxXift https://t.co/HsGbjXSp16",health
Capitol Police beef up security for traveling members of Congress https://t.co/25fyzd1D1o,politics
"Biden, Democrats prepare to move beyond efforts to woo Republicans https://t.co/ObtEttNAQx",politics
Opinion: The GOP‚Äôs whining about Biden is absurd. Good thing Democrats are ignoring it. https://t.co/uaEyNw4qBr,politics
"Democratic Rep. Bush to move congressional office away from Rep. Greene, citing safety reasons https://t.co/1y1KK7jXFh",politics
"Analysis: Just how ""divisive"" are Biden‚Äôs executive actions, really? https://t.co/LgYIOI0FhW",politics
"Why grocery chains are paying workers to get vaccinated, but other industries are lagging https://t.co/UMw2LwlMPY",business
Smart shopping carts on the rise as stores adapt to pandemic era https://t.co/OaG0xYknfl,business
Ex-UFC star Tito Ortiz shuns masks and opposes vaccines. He could lose his title as mayor pro tem of a California city. https://t.co/P2n3A7joEz,politics
Walgreens‚Äô vaccine rollout will be led by the only Black woman to run a Fortune 500 company https://t.co/V60BRgDCJn,business
Live updates: Biden to visit with wounded troops at Walter Reed after a busy stretch of executive actions https://t.co/eNFAVeQ2oH,health
"Billionaire hedge fund manager and philanthropist Ray Dalio joins The Post to discuss the massive gaps in wealth, value and politics, and what President Biden can do to restore U.S. prosperity. https://t.co/h8iOXhB61z",business
Analysis: Biden's biggest controversy so far is how fast he's issuing executive orders https://t.co/flmymTueRX,politics
"It‚Äôs not just the pandemic. The moon may be messing with your sleep, too. https://t.co/KmZbXV597C",health
"Analysis: World leaders pledge a ""great reset"" after the pandemic https://t.co/pJjFiDp7px",politics
China had a head start on coronavirus vaccinations. It‚Äôs now falling behind the West. https://t.co/tHEievNUN3,health
E.U. expected to authorize Oxford-AstraZeneca coronavirus vaccine with limitations https://t.co/DBjlqBwAui,health
"""At this year's virtual Davos conference, the toll of the pandemic has hammered home a new urgency."" https://t.co/UnKoEi6HPv writes @ishaantharoor",health
"The pandemic destroyed 225 million jobs worldwide, but billionaires got richer, reports find https://t.co/OnXH8DqIh3",business
"Jonathan Capehart sits down with Washington Post correspondents and columnists to discuss President Biden‚Äôs first week in office, former president Donald Trump‚Äôs upcoming impeachment trial and concerns about extremism.  https://t.co/83F15AHFyx",politics
A Georgia medical center gave teachers vaccines. So the state took away its supply for six months. https://t.co/yByF4RsH2v,health
Coronavirus updates: Variant found in South Africa prompts travel curbs; E.U. seeks answers on vaccine delays https://t.co/WayZKraaGF,health
"Single-shot Johnson &amp; Johnson vaccine 66% effective against moderate to severe covid-19, but worked less well in variant hot spot https://t.co/jFMLkZHr9i",health
Biden‚Äôs sign language interpreter has translated far-right misinformation https://t.co/uSRuB9bGw1,politics
"Opinion: On racial justice, Biden is off to a decent start. Let‚Äôs hope it keeps up. https://t.co/4UcE7fLKrU",politics
"Video: These congresswomen of color survived the Capitol riot. Now, they want to fight racism. https://t.co/f3lEQdff5p",politics
Opinion: The pandemic will not end unless every country gets the vaccine https://t.co/iN9oZYAhrp,health
"Opinion: Thanks to Biden, the U.S. has gotten back into the fight against climate change https://t.co/RWX7K6xoqm",politics
Biden wants an all-electric federal fleet. The question is: How will he achieve it? https://t.co/xA1zkzpn9o,politics
Biden‚Äôs sign language interpreter has translated far-right misinformation https://t.co/ZdlRDoTj3G,politics
Biden administration halts effort to install Trump loyalists on Pentagon advisory boards https://t.co/vQ6OHZ9g3P,politics
"The vaccine rollout has been slow and complicated, but you can help. Here‚Äôs how people are volunteering. https://t.co/qVSRqV40OI",health
A local reporter in Florida has become seniors‚Äô unofficial vaccine hotline https://t.co/nTsm3qE7B5,health
"Analysis: Trump imagined a ""Beijing Biden."" That person doesn‚Äôt exist. https://t.co/BZnYsklvF7",politics
Novavax vaccine protects against coronavirus in variant hot spots but proved less effective against strain in South Africa https://t.co/5g2JMbLTUn,health
"Despite pandemic, 25 percent of fans say they‚Äôll go to Super Bowl parties, poll shows https://t.co/0vtYN1Latx",sports
Opinion: How the Biden administration should stand up for abortion rights https://t.co/L6R3g7qwH7,politics
President Biden‚Äôs push for $15 an hour minimum wage faces strong headwinds in Senate https://t.co/c29S4g3JoU,politics
"U.S. surgeon general nominee Vivek H. Murthy, MD, and Sen. Bill Cassidy join The Post to discuss the country‚Äôs progress on COVID-19 response, testing and vaccine development.
 https://t.co/LI794kwGEv",health
"Fact Checker | Biden, travel bans and accusations of xenophobia: A chronology https://t.co/b9uvvVCU6M",politics
"Biden to drop Trump‚Äôs antiabortion ""global gag rule."" Here‚Äôs what that means for abortion access worldwide. https://t.co/dIOvCcGOKy",politics
"Israel moves to head of vaccine queue, offering Pfizer access to country‚Äôs health-care database https://t.co/XIWWpPsv21",health
Biden to reopen federal ACA insurance marketplace for three months https://t.co/BrxDIi5ECb,politics
Biden kills Trump plan on opioid-treatment prescriptions https://t.co/lyPxxBdOsu,politics
"Biden struggles to define his ""unity"" promise for a divided nation https://t.co/3FsWRNQKnW",politics
Kelli Ward led a push to overturn Biden‚Äôs victory. Now her own win as Arizona GOP chair is being questioned. https://t.co/jIeLnGW0j9,politics
"Oregon health-care workers were stuck in a snowstorm with expiring vaccines. So, they gave shots to strangers caught in traffic. https://t.co/mFOKkCkLw1",health
Analysis: The Biden-Putin relationship is already on the rocks https://t.co/l8sBXv1w6k,politics
"At first coronavirus briefing, White House acknowledges vaccinations will take months https://t.co/s90FeiamEl",health
"Biden‚Äôs VA pick, Denis McDonough, tells lawmakers he‚Äôll fight for veterans https://t.co/EHkHNujXLM",politics
Biden‚Äôs U.N. nominee pledges to fight Chinese influence https://t.co/l4Sd1dYhNv,politics
"Stanley Plotkin, legendary vaccinologist, on the historic development and chaotic distribution of covid-19 vaccines https://t.co/b3XnYYxl0p",health
Biden embraces order and routine in his first week. How will that fit this moment of crisis? https://t.co/BB69uSq7hL,politics
"As Biden vows monumental action on climate change, a fight with the fossil fuel industry has only begun https://t.co/Zt1ThHfpsH",politics
"Federal Reserve Chair Powell says ""nothing more important"" to economy than vaccinating Americans https://t.co/Quj0lAMY97",health
Opinion: The hidden way Biden is attacking the future of Trumpism https://t.co/nYpSiPk67v,politics
